{"type":"FeatureCollection","layer_id":"PORT","confidence":"OBSERVED","data_source":"SRC-004","features":[{"type":"Feature","properties":{"port_id":"PORT_AEAJM","name":"Ajman","name_ascii":"Ajman","country_name":"United Arab Emirates","country_iso2":"AE","country_iso3":"ARE","unlocode":"AEAJM","status":"RL","function":"1-3-----","outflows":73567.0,"outflows_confidence":"STATISTICAL","grid_cell":[129,470],"snap_km":28.52,"routable":true,"confidence":"OBSERVED"},"geometry":{"type":"Point","coordinates":[55.4788,25.4018]}},{"type":"Feature","properties":{"port_id":"PORT_AEAUH","name":"Abu Dhabi","name_ascii":"Abu Dhabi","country_name":"United Arab Emirates","country_iso2":"AE","country_iso3":"ARE","unlocode":"AEAUH","status":"AI","function":"1-345---","outflows":41597.142852,"outflows_confidence":"STATISTICAL","grid_cell":[130,468],"snap_km":33.64,"routable":true,"confidence":"OBSERVED"},"geometry":{"type":"Point","coordinates":[54.3667,24.4667]}},{"type":"Feature","properties":{"port_id":"PORT_AEJEA","name":"Jebel Ali","name_ascii":"Jebel Ali","country_name":"United Arab Emirates","country_iso2":"AE","country_iso3":"ARE","unlocode":"AEJEA","status":"QQ","function":"1-------","outflows":44524119.850148,"outflows_confidence":"STATISTICAL","grid_cell":[129,470],"snap_km":31.0,"routable":true,"confidence":"OBSERVED"},"geometry":{"type":"Point","coordinates":[55.1081,25.0025]}},{"type":"Feature","properties":{"port_id":"PORT_AEKHL","name":"Mina Khalifa/Abu Dhabi","name_ascii":"Mina Khalifa/Abu Dhabi","country_name":"United Arab Emirates","country_iso2":"AE","country_iso3":"ARE","unlocode":"AEKHL","status":"RL","function":"1-------","outflows":18341458.820419993,"outflows_confidence":"STATISTICAL","grid_cell":[130,468],"snap_km":43.07,"routable":true,"confidence":"OBSERVED"},"geometry":{"type":"Point","coordinates":[54.6667,24.8333]}},{"type":"Feature","properties":{"port_id":"PORT_AEKLF","name":"Khor al Fakkan","name_ascii":"Khor al Fakkan","country_name":"United Arab Emirates","country_iso2":"AE","country_iso3":"ARE","unlocode":"AEKLF","status":"RL","function":"1-------","outflows":790406.5,"outflows_confidence":"STATISTICAL","grid_cell":[129,473],"snap_km":41.27,"routable":true,"confidence":"OBSERVED"},"geometry":{"type":"Point","coordinates":[56.35,25.3333]}},{"type":"Feature","properties":{"port_id":"PORT_AEMKH","name":"Mina Khalid","name_ascii":"Mina Khalid","country_name":"United Arab Emirates","country_iso2":"AE","country_iso3":"ARE","unlocode":"AEMKH","status":"RL","function":"1-3-----","outflows":646965.0,"outflows_confidence":"STATISTICAL","grid_cell":[129,470],"snap_km":16.16,"routable":true,"confidence":"OBSERVED"},"geometry":{"type":"Point","coordinates":[55.3667,25.35]}},{"type":"Feature","properties":{"port_id":"PORT_AEQIW","name":"Umm al Qaiwain","name_ascii":"Umm al Qaiwain","country_name":"United Arab Emirates","country_iso2":"AE","country_iso3":"ARE","unlocode":"AEQIW","status":"AI","function":"1--4----","outflows":14196.0,"outflows_confidence":"STATISTICAL","grid_cell":[128,471],"snap_km":28.59,"routable":true,"confidence":"OBSERVED"},"geometry":{"type":"Point","coordinates":[55.55,25.5667]}},{"type":"Feature","properties":{"port_id":"PORT_AERUW","name":"Ar Ruways","name_ascii":"Ar Ruways","country_name":"United Arab Emirates","country_iso2":"AE","country_iso3":"ARE","unlocode":"AERUW","status":"RL","function":"1-------","outflows":166556.0,"outflows_confidence":"STATISTICAL","grid_cell":[131,465],"snap_km":14.92,"routable":true,"confidence":"OBSERVED"},"geometry":{"type":"Point","coordinates":[52.7333,24.1167]}},{"type":"Feature","properties":{"port_id":"PORT_AGSJO","name":"Saint John's","name_ascii":"Saint John's","country_name":"Antigua and Barbuda","country_iso2":"AG","country_iso3":"ATG","unlocode":"AGSJO","status":"AI","function":"1-------","outflows":208663.0,"outflows_confidence":"STATISTICAL","grid_cell":[145,236],"snap_km":18.24,"routable":true,"confidence":"OBSERVED"},"geometry":{"type":"Point","coordinates":[-61.85,17.1167]}},{"type":"Feature","properties":{"port_id":"PORT_AIAXA","name":"Anguilla","name_ascii":"Anguilla","country_name":"Anguilla","country_iso2":"AI","country_iso3":"AIA","unlocode":"AIAXA","status":"AI","function":"---45---","outflows":230958.0,"outflows_confidence":"STATISTICAL","grid_cell":[143,233],"snap_km":18.42,"routable":true,"confidence":"OBSERVED"},"geometry":{"type":"Point","coordinates":[-63.0938,18.1765]}},{"type":"Feature","properties":{"port_id":"PORT_ALDRZ","name":"Durrës","name_ascii":"Durres","country_name":"Albania","country_iso2":"AL","country_iso3":"ALB","unlocode":"ALDRZ","status":"RL","function":"1-------","outflows":134307.0,"outflows_confidence":"STATISTICAL","grid_cell":[97,398],"snap_km":18.96,"routable":true,"confidence":"OBSERVED"},"geometry":{"type":"Point","coordinates":[19.4547,41.3235]}},{"type":"Feature","properties":{"port_id":"PORT_AOCAB","name":"Cabinda","name_ascii":"Cabinda","country_name":"Angola","country_iso2":"AO","country_iso3":"AGO","unlocode":"AOCAB","status":"AI","function":"1--4----","outflows":2673.25,"outflows_confidence":"STATISTICAL","grid_cell":[191,384],"snap_km":22.92,"routable":true,"confidence":"OBSERVED"},"geometry":{"type":"Point","coordinates":[12.2,-5.55]}},{"type":"Feature","properties":{"port_id":"PORT_AOLAD","name":"Luanda","name_ascii":"Luanda","country_name":"Angola","country_iso2":"AO","country_iso3":"AGO","unlocode":"AOLAD","status":"AI","function":"1--45---","outflows":2439604.518850001,"outflows_confidence":"STATISTICAL","grid_cell":[197,386],"snap_km":9.81,"routable":true,"confidence":"OBSERVED"},"geometry":{"type":"Point","coordinates":[13.2343,-8.8368]}},{"type":"Feature","properties":{"port_id":"PORT_AOLOB","name":"Lobito","name_ascii":"Lobito","country_name":"Angola","country_iso2":"AO","country_iso3":"AGO","unlocode":"AOLOB","status":"RL","function":"1---5---","outflows":210369.4,"outflows_confidence":"STATISTICAL","grid_cell":[204,386],"snap_km":33.58,"routable":true,"confidence":"OBSERVED"},"geometry":{"type":"Point","coordinates":[13.536,-12.3644]}},{"type":"Feature","properties":{"port_id":"PORT_AOMAL","name":"Malongo","name_ascii":"Malongo","country_name":"Angola","country_iso2":"AO","country_iso3":"AGO","unlocode":"AOMAL","status":"RQ","function":"0-------","outflows":8707.5,"outflows_confidence":"STATISTICAL","grid_cell":[191,384],"snap_km":39.74,"routable":true,"confidence":"OBSERVED"},"geometry":{"type":"Point","coordinates":[12.198,-5.3964]}},{"type":"Feature","properties":{"port_id":"PORT_AOMSZ","name":"Namibe","name_ascii":"Namibe","country_name":"Angola","country_iso2":"AO","country_iso3":"AGO","unlocode":"AOMSZ","status":"AI","function":"1--4----","outflows":61242.5,"outflows_confidence":"STATISTICAL","grid_cell":[210,383],"snap_km":43.57,"routable":true,"confidence":"OBSERVED"},"geometry":{"type":"Point","coordinates":[12.1522,-15.1961]}},{"type":"Feature","properties":{"port_id":"PORT_AOSZA","name":"Soyo","name_ascii":"Soyo","country_name":"Angola","country_iso2":"AO","country_iso3":"AGO","unlocode":"AOSZA","status":"AI","function":"1--4----","outflows":79583.4,"outflows_confidence":"STATISTICAL","grid_cell":[192,384],"snap_km":18.35,"routable":true,"confidence":"OBSERVED"},"geometry":{"type":"Point","coordinates":[12.3689,-6.1349]}},{"type":"Feature","properties":{"port_id":"PORT_ARBHI","name":"Bahía Blanca","name_ascii":"Bahia Blanca","country_name":"Argentina","country_iso2":"AR","country_iso3":"ARG","unlocode":"ARBHI","status":"AI","function":"1--4----","outflows":677327.625,"outflows_confidence":"STATISTICAL","grid_cell":[258,236],"snap_km":75.11,"routable":true,"confidence":"OBSERVED"},"geometry":{"type":"Point","coordinates":[-62.2833,-38.7167]}},{"type":"Feature","properties":{"port_id":"PORT_ARBUE","name":"Buenos Aires","name_ascii":"Buenos Aires","country_name":"Argentina","country_iso2":"AR","country_iso3":"ARG","unlocode":"ARBUE","status":"AI","function":"12345---","outflows":11083411.036479998,"outflows_confidence":"STATISTICAL","grid_cell":[248,243],"snap_km":53.24,"routable":true,"confidence":"OBSERVED"},"geometry":{"type":"Point","coordinates":[-58.6667,-34.5833]}},{"type":"Feature","properties":{"port_id":"PORT_ARMDQ","name":"Mar del Plata","name_ascii":"Mar del Plata","country_name":"Argentina","country_iso2":"AR","country_iso3":"ARG","unlocode":"ARMDQ","status":"AI","function":"1-345---","outflows":24960.0,"outflows_confidence":"STATISTICAL","grid_cell":[256,244],"snap_km":29.22,"routable":true,"confidence":"OBSERVED"},"geometry":{"type":"Point","coordinates":[-57.5333,-38.05]}},{"type":"Feature","properties":{"port_id":"PORT_ARPMY","name":"Puerto Madryn","name_ascii":"Puerto Madryn","country_name":"Argentina","country_iso2":"AR","country_iso3":"ARG","unlocode":"ARPMY","status":"AI","function":"1--4----","outflows":671555.625,"outflows_confidence":"STATISTICAL","grid_cell":[265,230],"snap_km":23.14,"routable":true,"confidence":"OBSERVED"},"geometry":{"type":"Point","coordinates":[-65.0333,-42.75]}},{"type":"Feature","properties":{"port_id":"PORT_ARPUD","name":"Puerto Deseado","name_ascii":"Puerto Deseado","country_name":"Argentina","country_iso2":"AR","country_iso3":"ARG","unlocode":"ARPUD","status":"AI","function":"1--4----","outflows":24960.0,"outflows_confidence":"STATISTICAL","grid_cell":[275,228],"snap_km":11.21,"routable":true,"confidence":"OBSERVED"},"geometry":{"type":"Point","coordinates":[-65.9,-47.75]}},{"type":"Feature","properties":{"port_id":"PORT_ARROS","name":"Rosario","name_ascii":"Rosario","country_name":"Argentina","country_iso2":"AR","country_iso3":"ARG","unlocode":"ARROS","status":"AI","function":"12345---","outflows":110227.0,"outflows_confidence":"STATISTICAL","grid_cell":null,"snap_km":null,"routable":false,"confidence":"OBSERVED"},"geometry":{"type":"Point","coordinates":[-60.65,-32.95]}},{"type":"Feature","properties":{"port_id":"PORT_ARSAE","name":"San Antonio Este","name_ascii":"San Antonio Este","country_name":"Argentina","country_iso2":"AR","country_iso3":"ARG","unlocode":"ARSAE","status":"RQ","function":"1-------","outflows":23075.0,"outflows_confidence":"STATISTICAL","grid_cell":[262,230],"snap_km":50.06,"routable":true,"confidence":"OBSERVED"},"geometry":{"type":"Point","coordinates":[-64.7333,-40.8]}},{"type":"Feature","properties":{"port_id":"PORT_ARUSH","name":"Ushuaia","name_ascii":"Ushuaia","country_name":"Argentina","country_iso2":"AR","country_iso3":"ARG","unlocode":"ARUSH","status":"AI","function":"1--4----","outflows":30732.0,"outflows_confidence":"STATISTICAL","grid_cell":[290,221],"snap_km":78.55,"routable":true,"confidence":"OBSERVED"},"geometry":{"type":"Point","coordinates":[-68.3,-54.8]}},{"type":"Feature","properties":{"port_id":"PORT_ARZAE","name":"Zárate","name_ascii":"Zarate","country_name":"Argentina","country_iso2":"AR","country_iso3":"ARG","unlocode":"ARZAE","status":"AI","function":"1-------","outflows":164645.0,"outflows_confidence":"STATISTICAL","grid_cell":[248,243],"snap_km":73.97,"routable":true,"confidence":"OBSERVED"},"geometry":{"type":"Point","coordinates":[-59.0333,-34.1]}},{"type":"Feature","properties":{"port_id":"PORT_ASPPG","name":"Pago Pago","name_ascii":"Pago Pago","country_name":"American Samoa","country_iso2":"AS","country_iso3":"ASM","unlocode":"ASPPG","status":"AI","function":"1--45---","outflows":338184.5,"outflows_confidence":"STATISTICAL","grid_cell":[151,18],"snap_km":5.7,"routable":true,"confidence":"OBSERVED"},"geometry":{"type":"Point","coordinates":[-170.7,14.2667]}},{"type":"Feature","properties":{"port_id":"PORT_AUADL","name":"Adelaide","name_ascii":"Adelaide","country_name":"Australia","country_iso2":"AU","country_iso3":"AUS","unlocode":"AUADL","status":"AC","function":"12345---","outflows":5338947.200429998,"outflows_confidence":"STATISTICAL","grid_cell":[249,636],"snap_km":35.62,"routable":true,"confidence":"OBSERVED"},"geometry":{"type":"Point","coordinates":[138.5833,-34.9167]}},{"type":"Feature","properties":{"port_id":"PORT_AUBEL","name":"Bell Bay","name_ascii":"Bell Bay","country_name":"Australia","country_iso2":"AU","country_iso3":"AUS","unlocode":"AUBEL","status":"AC","function":"123-----","outflows":537012.66663,"outflows_confidence":"STATISTICAL","grid_cell":[261,653],"snap_km":43.44,"routable":true,"confidence":"OBSERVED"},"geometry":{"type":"Point","coordinates":[146.87,-41.13]}},{"type":"Feature","properties":{"port_id":"PORT_AUBNE","name":"Brisbane","name_ascii":"Brisbane","country_name":"Australia","country_iso2":"AU","country_iso3":"AUS","unlocode":"AUBNE","status":"AC","function":"12345---","outflows":8402703.640149998,"outflows_confidence":"STATISTICAL","grid_cell":[234,666],"snap_km":33.34,"routable":true,"confidence":"OBSERVED"},"geometry":{"type":"Point","coordinates":[153.0167,-27.4667]}},{"type":"Feature","properties":{"port_id":"PORT_AUBWT","name":"Burnie","name_ascii":"Burnie","country_name":"Australia","country_iso2":"AU","country_iso3":"AUS","unlocode":"AUBWT","status":"AC","function":"1--4----","outflows":54600.0,"outflows_confidence":"STATISTICAL","grid_cell":[261,651],"snap_km":36.38,"routable":true,"confidence":"OBSERVED"},"geometry":{"type":"Point","coordinates":[145.9038,-41.0558]}},{"type":"Feature","properties":{"port_id":"PORT_AUCNS","name":"Cairns","name_ascii":"Cairns","country_name":"Australia","country_iso2":"AU","country_iso3":"AUS","unlocode":"AUCNS","status":"AC","function":"1--4----","outflows":806.0,"outflows_confidence":"STATISTICAL","grid_cell":[213,651],"snap_km":19.39,"routable":true,"confidence":"OBSERVED"},"geometry":{"type":"Point","coordinates":[145.7661,-16.9237]}},{"type":"Feature","properties":{"port_id":"PORT_AUDAM","name":"Dampier","name_ascii":"Dampier","country_name":"Australia","country_iso2":"AU","country_iso3":"AUS","unlocode":"AUDAM","status":"AC","function":"1-------","outflows":2273.75,"outflows_confidence":"STATISTICAL","grid_cell":[220,593],"snap_km":46.06,"routable":true,"confidence":"OBSERVED"},"geometry":{"type":"Point","coordinates":[116.7126,-20.6627]}},{"type":"Feature","properties":{"port_id":"PORT_AUDPO","name":"Devonport","name_ascii":"Devonport","country_name":"Australia","country_iso2":"AU","country_iso3":"AUS","unlocode":"AUDPO","status":"AC","function":"1--4----","outflows":11960.0,"outflows_confidence":"STATISTICAL","grid_cell":[261,652],"snap_km":48.23,"routable":true,"confidence":"OBSERVED"},"geometry":{"type":"Point","coordinates":[146.3515,-41.1769]}},{"type":"Feature","properties":{"port_id":"PORT_AUDRW","name":"Darwin","name_ascii":"Darwin","country_name":"Australia","country_iso2":"AU","country_iso3":"AUS","unlocode":"AUDRW","status":"AC","function":"12345---","outflows":88640.416664,"outflows_confidence":"STATISTICAL","grid_cell":[204,621],"snap_km":24.01,"routable":true,"confidence":"OBSERVED"},"geometry":{"type":"Point","coordinates":[130.8333,-12.45]}},{"type":"Feature","properties":{"port_id":"PORT_AUFRE","name":"Fremantle","name_ascii":"Fremantle","country_name":"Australia","country_iso2":"AU","country_iso3":"AUS","unlocode":"AUFRE","status":"AC","function":"1--4----","outflows":4485214.600379998,"outflows_confidence":"STATISTICAL","grid_cell":[244,590],"snap_km":51.38,"routable":true,"confidence":"OBSERVED"},"geometry":{"type":"Point","coordinates":[115.7456,-32.0563]}},{"type":"Feature","properties":{"port_id":"PORT_AUGEX","name":"Geelong","name_ascii":"Geelong","country_name":"Australia","country_iso2":"AU","country_iso3":"AUS","unlocode":"AUGEX","status":"AC","function":"1--4----","outflows":3084.0,"outflows_confidence":"STATISTICAL","grid_cell":[256,649],"snap_km":35.89,"routable":true,"confidence":"OBSERVED"},"geometry":{"type":"Point","coordinates":[144.3607,-38.1471]}},{"type":"Feature","properties":{"port_id":"PORT_AUMEL","name":"Melbourne","name_ascii":"Melbourne","country_name":"Australia","country_iso2":"AU","country_iso3":"AUS","unlocode":"AUMEL","status":"AC","function":"12345---","outflows":9957826.095730007,"outflows_confidence":"STATISTICAL","grid_cell":[256,649],"snap_km":51.79,"routable":true,"confidence":"OBSERVED"},"geometry":{"type":"Point","coordinates":[144.9667,-37.8167]}},{"type":"Feature","properties":{"port_id":"PORT_AUNTL","name":"Newcastle","name_ascii":"Newcastle","country_name":"Australia","country_iso2":"AU","country_iso3":"AUS","unlocode":"AUNTL","status":"AI","function":"1--4----","outflows":69717.0,"outflows_confidence":"STATISTICAL","grid_cell":[246,663],"snap_km":35.74,"routable":true,"confidence":"OBSERVED"},"geometry":{"type":"Point","coordinates":[151.7801,-32.9295]}},{"type":"Feature","properties":{"port_id":"PORT_AUPBT","name":"Port Botany","name_ascii":"Port Botany","country_name":"Australia","country_iso2":"AU","country_iso3":"AUS","unlocode":"AUPBT","status":"AC","function":"123-----","outflows":47151.0,"outflows_confidence":"STATISTICAL","grid_cell":[248,662],"snap_km":30.74,"routable":true,"confidence":"OBSERVED"},"geometry":{"type":"Point","coordinates":[151.2228,-33.9745]}},{"type":"Feature","properties":{"port_id":"PORT_AUPKL","name":"Port Kembla","name_ascii":"Port Kembla","country_name":"Australia","country_iso2":"AU","country_iso3":"AUS","unlocode":"AUPKL","status":"AC","function":"1--4----","outflows":33267.0,"outflows_confidence":"STATISTICAL","grid_cell":[248,662],"snap_km":41.1,"routable":true,"confidence":"OBSERVED"},"geometry":{"type":"Point","coordinates":[150.9012,-34.4818]}},{"type":"Feature","properties":{"port_id":"PORT_AUSYD","name":"Sydney","name_ascii":"Sydney","country_name":"Australia","country_iso2":"AU","country_iso3":"AUS","unlocode":"AUSYD","status":"AC","function":"12345---","outflows":10352110.143530006,"outflows_confidence":"STATISTICAL","grid_cell":[248,662],"snap_km":44.72,"routable":true,"confidence":"OBSERVED"},"geometry":{"type":"Point","coordinates":[151.2,-33.85]}},{"type":"Feature","properties":{"port_id":"PORT_AUTSV","name":"Townsville","name_ascii":"Townsville","country_name":"Australia","country_iso2":"AU","country_iso3":"AUS","unlocode":"AUTSV","status":"AI","function":"1--4----","outflows":227206.58331800002,"outflows_confidence":"STATISTICAL","grid_cell":[218,654],"snap_km":46.68,"routable":true,"confidence":"OBSERVED"},"geometry":{"type":"Point","coordinates":[146.8057,-19.2664]}},{"type":"Feature","properties":{"port_id":"PORT_AUWEI","name":"Weipa","name_ascii":"Weipa","country_name":"Australia","country_iso2":"AU","country_iso3":"AUS","unlocode":"AUWEI","status":"AC","function":"1--4----","outflows":806.0,"outflows_confidence":"STATISTICAL","grid_cell":[205,642],"snap_km":69.65,"routable":true,"confidence":"OBSERVED"},"geometry":{"type":"Point","coordinates":[141.8788,-12.6235]}},{"type":"Feature","properties":{"port_id":"PORT_AWBAR","name":"Barcadera","name_ascii":"Barcadera","country_name":"Aruba","country_iso2":"AW","country_iso3":"ABW","unlocode":"AWBAR","status":"RL","function":"1-------","outflows":65431.8,"outflows_confidence":"STATISTICAL","grid_cell":[155,220],"snap_km":36.27,"routable":true,"confidence":"OBSERVED"},"geometry":{"type":"Point","coordinates":[-69.9833,12.4833]}},{"type":"Feature","properties":{"port_id":"PORT_AWORJ","name":"Oranjestad","name_ascii":"Oranjestad","country_name":"Aruba","country_iso2":"AW","country_iso3":"ABW","unlocode":"AWORJ","status":"AI","function":"1---5---","outflows":721990.3,"outflows_confidence":"STATISTICAL","grid_cell":[154,219],"snap_km":34.88,"routable":true,"confidence":"OBSERVED"},"geometry":{"type":"Point","coordinates":[-70.027,12.524]}},{"type":"Feature","properties":{"port_id":"PORT_BBBGI","name":"Bridgetown","name_ascii":"Bridgetown","country_name":"Barbados","country_iso2":"BB","country_iso3":"BRB","unlocode":"BBBGI","status":"AI","function":"1--45---","outflows":687251.0666899999,"outflows_confidence":"STATISTICAL","grid_cell":[153,240],"snap_km":21.19,"routable":true,"confidence":"OBSERVED"},"geometry":{"type":"Point","coordinates":[-59.6202,13.1073]}},{"type":"Feature","properties":{"port_id":"PORT_BDCGP","name":"Chattogram","name_ascii":"Chattogram","country_name":"Bangladesh","country_iso2":"BD","country_iso3":"BGD","unlocode":"BDCGP","status":"AI","function":"1--45---","outflows":1379549.05233,"outflows_confidence":"STATISTICAL","grid_cell":[135,543],"snap_km":12.62,"routable":true,"confidence":"OBSERVED"},"geometry":{"type":"Point","coordinates":[91.8333,22.3333]}},{"type":"Feature","properties":{"port_id":"PORT_BDMGL","name":"Mongla","name_ascii":"Mongla","country_name":"Bangladesh","country_iso2":"BD","country_iso3":"BGD","unlocode":"BDMGL","status":"RQ","function":"1-------","outflows":65143.0,"outflows_confidence":"STATISTICAL","grid_cell":[136,539],"snap_km":81.58,"routable":true,"confidence":"OBSERVED"},"geometry":{"type":"Point","coordinates":[89.611,22.4722]}},{"type":"Feature","properties":{"port_id":"PORT_BEANR","name":"Antwerpen","name_ascii":"Antwerpen","country_name":"Belgium","country_iso2":"BE","country_iso3":"BEL","unlocode":"BEANR","status":"AI","function":"12345---","outflows":51827814.560638025,"outflows_confidence":"STATISTICAL","grid_cell":[76,367],"snap_km":75.15,"routable":true,"confidence":"OBSERVED"},"geometry":{"type":"Point","coordinates":[4.4167,51.2167]}},{"type":"Feature","properties":{"port_id":"PORT_BEGNE","name":"Gent (Ghent)","name_ascii":"Gent (Ghent)","country_name":"Belgium","country_iso2":"BE","country_iso3":"BEL","unlocode":"BEGNE","status":"AI","function":"1234----","outflows":13260.0,"outflows_confidence":"STATISTICAL","grid_cell":[77,365],"snap_km":71.0,"routable":true,"confidence":"OBSERVED"},"geometry":{"type":"Point","coordinates":[3.7167,51.05]}},{"type":"Feature","properties":{"port_id":"PORT_BEZEE","name":"Zeebrugge","name_ascii":"Zeebrugge","country_name":"Belgium","country_iso2":"BE","country_iso3":"BEL","unlocode":"BEZEE","status":"AI","function":"1-3-----","outflows":5650583.2502299985,"outflows_confidence":"STATISTICAL","grid_cell":[77,365],"snap_km":32.63,"routable":true,"confidence":"OBSERVED"},"geometry":{"type":"Point","coordinates":[3.2,51.3333]}},{"type":"Feature","properties":{"port_id":"PORT_BGBOJ","name":"Burgas","name_ascii":"Burgas","country_name":"Bulgaria","country_iso2":"BG","country_iso3":"BGR","unlocode":"BGBOJ","status":"AC","function":"1-------","outflows":535001.99998,"outflows_confidence":"STATISTICAL","grid_cell":[94,416],"snap_km":69.5,"routable":true,"confidence":"OBSERVED"},"geometry":{"type":"Point","coordinates":[27.4678,42.5061]}},{"type":"Feature","properties":{"port_id":"PORT_BGVAR","name":"Varna","name_ascii":"Varna","country_name":"Bulgaria","country_iso2":"BG","country_iso3":"BGR","unlocode":"BGVAR","status":"AI","function":"1--4----","outflows":147810.0,"outflows_confidence":"STATISTICAL","grid_cell":[93,416],"snap_km":27.26,"routable":true,"confidence":"OBSERVED"},"geometry":{"type":"Point","coordinates":[27.9167,43.2167]}},{"type":"Feature","properties":{"port_id":"PORT_BHMIN","name":"Mina Sulman Port","name_ascii":"Mina Sulman Port","country_name":"Bahrain","country_iso2":"BH","country_iso3":"BHR","unlocode":"BHMIN","status":"AA","function":"1-------","outflows":632118.5,"outflows_confidence":"STATISTICAL","grid_cell":[127,461],"snap_km":14.42,"routable":true,"confidence":"OBSERVED"},"geometry":{"type":"Point","coordinates":[50.6167,26.2]}},{"type":"Feature","properties":{"port_id":"PORT_BJCOO","name":"Cotonou","name_ascii":"Cotonou","country_name":"Benin","country_iso2":"BJ","country_iso3":"BEN","unlocode":"BJCOO","status":"AI","function":"1--45---","outflows":4812454.664329999,"outflows_confidence":"STATISTICAL","grid_cell":[167,364],"snap_km":22.6,"routable":true,"confidence":"OBSERVED"},"geometry":{"type":"Point","coordinates":[2.4183,6.3654]}},{"type":"Feature","properties":{"port_id":"PORT_BMBDA","name":"Hamilton","name_ascii":"Hamilton","country_name":"Bermuda","country_iso2":"BM","country_iso3":"BMU","unlocode":"BMBDA","status":"AI","function":"1--45---","outflows":13100.0,"outflows_confidence":"STATISTICAL","grid_cell":[115,230],"snap_km":5.88,"routable":true,"confidence":"OBSERVED"},"geometry":{"type":"Point","coordinates":[-64.783,32.2949]}},{"type":"Feature","properties":{"port_id":"PORT_BQKRA","name":"Kralendijk","name_ascii":"Kralendijk","country_name":"Bonaire, Sint Eustatius and Saba","country_iso2":"BQ","country_iso3":null,"unlocode":"BQKRA","status":"AI","function":"1-------","outflows":117162.5,"outflows_confidence":"STATISTICAL","grid_cell":[155,223],"snap_km":11.27,"routable":true,"confidence":"OBSERVED"},"geometry":{"type":"Point","coordinates":[-68.2667,12.15]}},{"type":"Feature","properties":{"port_id":"PORT_BRFOR","name":"Fortaleza","name_ascii":"Fortaleza","country_name":"Brazil","country_iso2":"BR","country_iso3":"BRA","unlocode":"BRFOR","status":"AI","function":"1--4----","outflows":278482.75,"outflows_confidence":"STATISTICAL","grid_cell":[187,283],"snap_km":32.72,"routable":true,"confidence":"OBSERVED"},"geometry":{"type":"Point","coordinates":[-38.5431,-3.7172]}},{"type":"Feature","properties":{"port_id":"PORT_BRIBB","name":"Imbituba","name_ascii":"Imbituba","country_name":"Brazil","country_iso2":"BR","country_iso3":"BRA","unlocode":"BRIBB","status":"AI","function":"1-------","outflows":378681.33330999996,"outflows_confidence":"STATISTICAL","grid_cell":[236,263],"snap_km":41.18,"routable":true,"confidence":"OBSERVED"},"geometry":{"type":"Point","coordinates":[-48.6703,-28.24]}},{"type":"Feature","properties":{"port_id":"PORT_BRIGI","name":"Itaguaí","name_ascii":"Itaguai","country_name":"Brazil","country_iso2":"BR","country_iso3":"BRA","unlocode":"BRIGI","status":"RL","function":"-23-----","outflows":2879859.0476199985,"outflows_confidence":"STATISTICAL","grid_cell":[226,272],"snap_km":42.66,"routable":true,"confidence":"OBSERVED"},"geometry":{"type":"Point","coordinates":[-43.7667,-22.8667]}},{"type":"Feature","properties":{"port_id":"PORT_BRIOA","name":"Itapoá","name_ascii":"Itapoa","country_name":"Brazil","country_iso2":"BR","country_iso3":"BRA","unlocode":"BRIOA","status":"RL","function":"1-3-----","outflows":9027277.19,"outflows_confidence":"STATISTICAL","grid_cell":[232,263],"snap_km":37.94,"routable":true,"confidence":"OBSERVED"},"geometry":{"type":"Point","coordinates":[-48.6,-26.1167]}},{"type":"Feature","properties":{"port_id":"PORT_BRIOS","name":"Ilheus","name_ascii":"Ilheus","country_name":"Brazil","country_iso2":"BR","country_iso3":"BRA","unlocode":"BRIOS","status":"AI","function":"1--4----","outflows":36877.75,"outflows_confidence":"STATISTICAL","grid_cell":[209,282],"snap_km":31.5,"routable":true,"confidence":"OBSERVED"},"geometry":{"type":"Point","coordinates":[-39.0395,-14.7936]}},{"type":"Feature","properties":{"port_id":"PORT_BRITJ","name":"Itajai","name_ascii":"Itajai","country_name":"Brazil","country_iso2":"BR","country_iso3":"BRA","unlocode":"BRITJ","status":"AI","function":"1--4----","outflows":4871215.699889999,"outflows_confidence":"STATISTICAL","grid_cell":[233,263],"snap_km":44.48,"routable":true,"confidence":"OBSERVED"},"geometry":{"type":"Point","coordinates":[-48.6619,-26.9078]}},{"type":"Feature","properties":{"port_id":"PORT_BRMAO","name":"Manaus","name_ascii":"Manaus","country_name":"Brazil","country_iso2":"BR","country_iso3":"BRA","unlocode":"BRMAO","status":"AI","function":"1--4----","outflows":1385527.97796,"outflows_confidence":"STATISTICAL","grid_cell":null,"snap_km":null,"routable":false,"confidence":"OBSERVED"},"geometry":{"type":"Point","coordinates":[-60.025,-3.1019]}},{"type":"Feature","properties":{"port_id":"PORT_BRMCP","name":"Santana Pt./Macapá","name_ascii":"Santana Pt./Macapa","country_name":"Brazil","country_iso2":"BR","country_iso3":"BRA","unlocode":"BRMCP","status":"AA","function":"1-------","outflows":837504.7778400001,"outflows_confidence":"STATISTICAL","grid_cell":null,"snap_km":null,"routable":false,"confidence":"OBSERVED"},"geometry":{"type":"Point","coordinates":[-51.1667,-0.05]}},{"type":"Feature","properties":{"port_id":"PORT_BRNAT","name":"Natal","name_ascii":"Natal","country_name":"Brazil","country_iso2":"BR","country_iso3":"BRA","unlocode":"BRNAT","status":"AI","function":"1--4----","outflows":241605.0,"outflows_confidence":"STATISTICAL","grid_cell":[191,290],"snap_km":51.07,"routable":true,"confidence":"OBSERVED"},"geometry":{"type":"Point","coordinates":[-35.2094,-5.795]}},{"type":"Feature","properties":{"port_id":"PORT_BRNVT","name":"Navegantes","name_ascii":"Navegantes","country_name":"Brazil","country_iso2":"BR","country_iso3":"BRA","unlocode":"BRNVT","status":"AI","function":"1-34----","outflows":10279036.91334,"outflows_confidence":"STATISTICAL","grid_cell":[233,263],"snap_km":43.05,"routable":true,"confidence":"OBSERVED"},"geometry":{"type":"Point","coordinates":[-48.65,-26.9]}},{"type":"Feature","properties":{"port_id":"PORT_BRPEC","name":"Pecém Pt/São Gonçalo do Amarante","name_ascii":"Pecem Pt/Sao Goncalo do Amarante","country_name":"Brazil","country_iso2":"BR","country_iso3":"BRA","unlocode":"BRPEC","status":"AA","function":"12------","outflows":2174063.6046599997,"outflows_confidence":"STATISTICAL","grid_cell":[186,282],"snap_km":34.06,"routable":true,"confidence":"OBSERVED"},"geometry":{"type":"Point","coordinates":[-38.8667,-3.5333]}},{"type":"Feature","properties":{"port_id":"PORT_BRPNG","name":"Paranaguá","name_ascii":"Paranagua","country_name":"Brazil","country_iso2":"BR","country_iso3":"BRA","unlocode":"BRPNG","status":"AI","function":"1--4----","outflows":13802196.524050001,"outflows_confidence":"STATISTICAL","grid_cell":[231,263],"snap_km":36.07,"routable":true,"confidence":"OBSERVED"},"geometry":{"type":"Point","coordinates":[-48.5,-25.5167]}},{"type":"Feature","properties":{"port_id":"PORT_BRRIG","name":"Rio Grande","name_ascii":"Rio Grande","country_name":"Brazil","country_iso2":"BR","country_iso3":"BRA","unlocode":"BRRIG","status":"AI","function":"1--4----","outflows":10184119.863509998,"outflows_confidence":"STATISTICAL","grid_cell":[226,273],"snap_km":38.83,"routable":true,"confidence":"OBSERVED"},"geometry":{"type":"Point","coordinates":[-43.1822,-22.9064]}},{"type":"Feature","properties":{"port_id":"PORT_BRRIO","name":"Rio de Janeiro","name_ascii":"Rio de Janeiro","country_name":"Brazil","country_iso2":"BR","country_iso3":"BRA","unlocode":"BRRIO","status":"AA","function":"123-567-","outflows":9600221.304169998,"outflows_confidence":"STATISTICAL","grid_cell":[226,273],"snap_km":40.81,"routable":true,"confidence":"OBSERVED"},"geometry":{"type":"Point","coordinates":[-43.2333,-22.8833]}},{"type":"Feature","properties":{"port_id":"PORT_BRSLZ","name":"São Luís","name_ascii":"Sao Luis","country_name":"Brazil","country_iso2":"BR","country_iso3":"BRA","unlocode":"BRSLZ","status":"AI","function":"1-34----","outflows":45240.0,"outflows_confidence":"STATISTICAL","grid_cell":[184,271],"snap_km":28.35,"routable":true,"confidence":"OBSERVED"},"geometry":{"type":"Point","coordinates":[-44.3,-2.5]}},{"type":"Feature","properties":{"port_id":"PORT_BRSSA","name":"Salvador","name_ascii":"Salvador","country_name":"Brazil","country_iso2":"BR","country_iso3":"BRA","unlocode":"BRSSA","status":"AI","function":"1--4----","outflows":8800539.57322,"outflows_confidence":"STATISTICAL","grid_cell":[206,282],"snap_km":40.41,"routable":true,"confidence":"OBSERVED"},"geometry":{"type":"Point","coordinates":[-38.5108,-12.9711]}},{"type":"Feature","properties":{"port_id":"PORT_BRSSZ","name":"Santos","name_ascii":"Santos","country_name":"Brazil","country_iso2":"BR","country_iso3":"BRA","unlocode":"BRSSZ","status":"AI","function":"1234----","outflows":17682777.003890004,"outflows_confidence":"STATISTICAL","grid_cell":[228,267],"snap_km":34.41,"routable":true,"confidence":"OBSERVED"},"geometry":{"type":"Point","coordinates":[-46.3333,-23.95]}},{"type":"Feature","properties":{"port_id":"PORT_BRSUA","name":"Suape","name_ascii":"Suape","country_name":"Brazil","country_iso2":"BR","country_iso3":"BRA","unlocode":"BRSUA","status":"RQ","function":"1-------","outflows":5878585.39043,"outflows_confidence":"STATISTICAL","grid_cell":[206,282],"snap_km":58.32,"routable":true,"confidence":"OBSERVED"},"geometry":{"type":"Point","coordinates":[-38.6208,-12.7408]}},{"type":"Feature","properties":{"port_id":"PORT_BRVIX","name":"Vitória Pt","name_ascii":"Vitoria Pt","country_name":"Brazil","country_iso2":"BR","country_iso3":"BRA","unlocode":"BRVIX","status":"AA","function":"1-------","outflows":738129.5278800001,"outflows_confidence":"STATISTICAL","grid_cell":[220,279],"snap_km":11.42,"routable":true,"confidence":"OBSERVED"},"geometry":{"type":"Point","coordinates":[-40.3333,-20.3167]}},{"type":"Feature","properties":{"port_id":"PORT_BSNAS","name":"Nassau","name_ascii":"Nassau","country_name":"Bahamas","country_iso2":"BS","country_iso3":"BHS","unlocode":"BSNAS","status":"AI","function":"1--45---","outflows":62842.0,"outflows_confidence":"STATISTICAL","grid_cell":[129,205],"snap_km":21.09,"routable":true,"confidence":"OBSERVED"},"geometry":{"type":"Point","coordinates":[-77.35,25.0833]}},{"type":"Feature","properties":{"port_id":"PORT_BZBGK","name":"Big Creek","name_ascii":"Big Creek","country_name":"Belize","country_iso2":"BZ","country_iso3":"BLZ","unlocode":"BZBGK","status":"RL","function":"1-34----","outflows":199368.0,"outflows_confidence":"STATISTICAL","grid_cell":[146,183],"snap_km":30.47,"routable":true,"confidence":"OBSERVED"},"geometry":{"type":"Point","coordinates":[-88.4,16.5167]}},{"type":"Feature","properties":{"port_id":"PORT_BZBZE","name":"Belize City","name_ascii":"Belize City","country_name":"Belize","country_iso2":"BZ","country_iso3":"BLZ","unlocode":"BZBZE","status":"AI","function":"1--45---","outflows":469495.0,"outflows_confidence":"STATISTICAL","grid_cell":[145,183],"snap_km":28.3,"routable":true,"confidence":"OBSERVED"},"geometry":{"type":"Point","coordinates":[-88.1976,17.4995]}},{"type":"Feature","properties":{"port_id":"PORT_CAHAL","name":"Halifax","name_ascii":"Halifax","country_name":"Canada","country_iso2":"CA","country_iso3":"CAN","unlocode":"CAHAL","status":"AS","function":"1--4----","outflows":4454972.467041,"outflows_confidence":"STATISTICAL","grid_cell":[91,232],"snap_km":46.27,"routable":true,"confidence":"OBSERVED"},"geometry":{"type":"Point","coordinates":[-63.5729,44.6464]}},{"type":"Feature","properties":{"port_id":"PORT_CAMTR","name":"Montreal","name_ascii":"Montreal","country_name":"Canada","country_iso2":"CA","country_iso3":"CAN","unlocode":"CAMTR","status":"AS","function":"1--45---","outflows":2304234.075,"outflows_confidence":"STATISTICAL","grid_cell":null,"snap_km":null,"routable":false,"confidence":"OBSERVED"},"geometry":{"type":"Point","coordinates":[-73.5878,45.5088]}},{"type":"Feature","properties":{"port_id":"PORT_CANWE","name":"New Westminster","name_ascii":"New Westminster","country_name":"Canada","country_iso2":"CA","country_iso3":"CAN","unlocode":"CANWE","status":"AS","function":"1-------","outflows":27774.0,"outflows_confidence":"STATISTICAL","grid_cell":[81,113],"snap_km":25.09,"routable":true,"confidence":"OBSERVED"},"geometry":{"type":"Point","coordinates":[-122.9109,49.2068]}},{"type":"Feature","properties":{"port_id":"PORT_CANWP","name":"Argentia","name_ascii":"Argentia","country_name":"Canada","country_iso2":"CA","country_iso3":"CAN","unlocode":"CANWP","status":"AI","function":"1-34----","outflows":27248.000001,"outflows_confidence":"STATISTICAL","grid_cell":[85,251],"snap_km":19.66,"routable":true,"confidence":"OBSERVED"},"geometry":{"type":"Point","coordinates":[-54.0,47.3]}},{"type":"Feature","properties":{"port_id":"PORT_CAPRR","name":"Prince Rupert","name_ascii":"Prince Rupert","country_name":"Canada","country_iso2":"CA","country_iso3":"CAN","unlocode":"CAPRR","status":"AS","function":"1--4----","outflows":2510218.7498600003,"outflows_confidence":"STATISTICAL","grid_cell":[71,98],"snap_km":28.77,"routable":true,"confidence":"OBSERVED"},"geometry":{"type":"Point","coordinates":[-130.321,54.3151]}},{"type":"Feature","properties":{"port_id":"PORT_CASJB","name":"Saint-John","name_ascii":"Saint-John","country_name":"Canada","country_iso2":"CA","country_iso3":"CAN","unlocode":"CASJB","status":"AS","function":"1-34-6--","outflows":389420.2,"outflows_confidence":"STATISTICAL","grid_cell":[90,227],"snap_km":59.23,"routable":true,"confidence":"OBSERVED"},"geometry":{"type":"Point","coordinates":[-66.0667,45.2667]}},{"type":"Feature","properties":{"port_id":"PORT_CASJF","name":"Saint-John's","name_ascii":"Saint-John's","country_name":"Canada","country_iso2":"CA","country_iso3":"CAN","unlocode":"CASJF","status":"AS","function":"1-3-----","outflows":26845.0,"outflows_confidence":"STATISTICAL","grid_cell":[84,254],"snap_km":20.42,"routable":true,"confidence":"OBSERVED"},"geometry":{"type":"Point","coordinates":[-52.7333,47.5667]}},{"type":"Feature","properties":{"port_id":"PORT_CASQA","name":"Squamish","name_ascii":"Squamish","country_name":"Canada","country_iso2":"CA","country_iso3":"CAN","unlocode":"CASQA","status":"AS","function":"1--4----","outflows":9606.0,"outflows_confidence":"STATISTICAL","grid_cell":[81,113],"snap_km":98.86,"routable":true,"confidence":"OBSERVED"},"geometry":{"type":"Point","coordinates":[-122.954,50.1182]}},{"type":"Feature","properties":{"port_id":"PORT_CATOR","name":"Toronto","name_ascii":"Toronto","country_name":"Canada","country_iso2":"CA","country_iso3":"CAN","unlocode":"CATOR","status":"AS","function":"1--45---","outflows":5720.0,"outflows_confidence":"STATISTICAL","grid_cell":null,"snap_km":null,"routable":false,"confidence":"OBSERVED"},"geometry":{"type":"Point","coordinates":[-79.4163,43.7001]}},{"type":"Feature","properties":{"port_id":"PORT_CAVAN","name":"Vancouver","name_ascii":"Vancouver","country_name":"Canada","country_iso2":"CA","country_iso3":"CAN","unlocode":"CAVAN","status":"AS","function":"1--45---","outflows":11959843.503790002,"outflows_confidence":"STATISTICAL","grid_cell":[81,113],"snap_km":9.48,"routable":true,"confidence":"OBSERVED"},"geometry":{"type":"Point","coordinates":[-123.1193,49.2497]}},{"type":"Feature","properties":{"port_id":"PORT_CDBNW","name":"Banana","name_ascii":"Banana","country_name":"Congo, The Democratic Republic of the","country_iso2":"CD","country_iso3":"COD","unlocode":"CDBNW","status":"RL","function":"1-3-----","outflows":48681.0,"outflows_confidence":"STATISTICAL","grid_cell":[192,384],"snap_km":32.09,"routable":true,"confidence":"OBSERVED"},"geometry":{"type":"Point","coordinates":[12.4012,-6.0036]}},{"type":"Feature","properties":{"port_id":"PORT_CGPNR","name":"Pointe Noire","name_ascii":"Pointe Noire","country_name":"Congo","country_iso2":"CG","country_iso3":"COG","unlocode":"CGPNR","status":"AI","function":"1--45---","outflows":3473713.5811700015,"outflows_confidence":"STATISTICAL","grid_cell":[189,383],"snap_km":12.4,"routable":true,"confidence":"OBSERVED"},"geometry":{"type":"Point","coordinates":[11.85,-4.8]}},{"type":"Feature","properties":{"port_id":"PORT_CIABJ","name":"Abidjan","name_ascii":"Abidjan","country_name":"Côte d'Ivoire","country_iso2":"CI","country_iso3":"CIV","unlocode":"CIABJ","status":"AI","function":"1--45---","outflows":3248845.43344,"outflows_confidence":"STATISTICAL","grid_cell":[170,351],"snap_km":69.82,"routable":true,"confidence":"OBSERVED"},"geometry":{"type":"Point","coordinates":[-4.0167,5.3333]}},{"type":"Feature","properties":{"port_id":"PORT_CISPY","name":"San-Pédro","name_ascii":"San-Pedro","country_name":"Côte d'Ivoire","country_iso2":"CI","country_iso3":"CIV","unlocode":"CISPY","status":"AI","function":"1-34----","outflows":2312502.02864,"outflows_confidence":"STATISTICAL","grid_cell":[170,347],"snap_km":40.67,"routable":true,"confidence":"OBSERVED"},"geometry":{"type":"Point","coordinates":[-6.6167,4.7333]}},{"type":"Feature","properties":{"port_id":"PORT_CKAIT","name":"Aitutaki","name_ascii":"Aitutaki","country_name":"Cook Islands","country_iso2":"CK","country_iso3":"COK","unlocode":"CKAIT","status":"AI","function":"1--45---","outflows":40320.0,"outflows_confidence":"STATISTICAL","grid_cell":[217,40],"snap_km":12.2,"routable":true,"confidence":"OBSERVED"},"geometry":{"type":"Point","coordinates":[-159.7929,-18.8519]}},{"type":"Feature","properties":{"port_id":"PORT_CKRAR","name":"Rarotonga","name_ascii":"Rarotonga","country_name":"Cook Islands","country_iso2":"CK","country_iso3":"COK","unlocode":"CKRAR","status":"AI","function":"1--45---","outflows":41157.0,"outflows_confidence":"STATISTICAL","grid_cell":[222,40],"snap_km":5.41,"routable":true,"confidence":"OBSERVED"},"geometry":{"type":"Point","coordinates":[-159.7755,-21.2075]}},{"type":"Feature","properties":{"port_id":"PORT_CLANF","name":"Antofagasta","name_ascii":"Antofagasta","country_name":"Chile","country_iso2":"CL","country_iso3":"CHL","unlocode":"CLANF","status":"AI","function":"1--4----","outflows":2136460.625,"outflows_confidence":"STATISTICAL","grid_cell":[227,218],"snap_km":39.52,"routable":true,"confidence":"OBSERVED"},"geometry":{"type":"Point","coordinates":[-70.3833,-23.6333]}},{"type":"Feature","properties":{"port_id":"PORT_CLARI","name":"Arica","name_ascii":"Arica","country_name":"Chile","country_iso2":"CL","country_iso3":"CHL","unlocode":"CLARI","status":"AI","function":"1-34----","outflows":1400600.825,"outflows_confidence":"STATISTICAL","grid_cell":[216,218],"snap_km":52.58,"routable":true,"confidence":"OBSERVED"},"geometry":{"type":"Point","coordinates":[-70.3167,-18.4833]}},{"type":"Feature","properties":{"port_id":"PORT_CLCNL","name":"Coronel","name_ascii":"Coronel","country_name":"Chile","country_iso2":"CL","country_iso3":"CHL","unlocode":"CLCNL","status":"AI","function":"123-----","outflows":5437390.8332,"outflows_confidence":"STATISTICAL","grid_cell":[253,213],"snap_km":30.96,"routable":true,"confidence":"OBSERVED"},"geometry":{"type":"Point","coordinates":[-73.15,-37.0167]}},{"type":"Feature","properties":{"port_id":"PORT_CLIQQ","name":"Iquique","name_ascii":"Iquique","country_name":"Chile","country_iso2":"CL","country_iso3":"CHL","unlocode":"CLIQQ","status":"AI","function":"1--4----","outflows":1915647.5,"outflows_confidence":"STATISTICAL","grid_cell":[220,219],"snap_km":12.72,"routable":true,"confidence":"OBSERVED"},"geometry":{"type":"Point","coordinates":[-70.1333,-20.2167]}},{"type":"Feature","properties":{"port_id":"PORT_CLLQN","name":"Lirquén","name_ascii":"Lirquen","country_name":"Chile","country_iso2":"CL","country_iso3":"CHL","unlocode":"CLLQN","status":"AI","function":"123-----","outflows":3185838.4995000004,"outflows_confidence":"STATISTICAL","grid_cell":[253,213],"snap_km":24.41,"routable":true,"confidence":"OBSERVED"},"geometry":{"type":"Point","coordinates":[-72.9833,-36.7]}},{"type":"Feature","properties":{"port_id":"PORT_CLMJS","name":"Mejillones","name_ascii":"Mejillones","country_name":"Chile","country_iso2":"CL","country_iso3":"CHL","unlocode":"CLMJS","status":"AI","function":"1-------","outflows":32362.2,"outflows_confidence":"STATISTICAL","grid_cell":[226,218],"snap_km":34.91,"routable":true,"confidence":"OBSERVED"},"geometry":{"type":"Point","coordinates":[-70.45,-23.1]}},{"type":"Feature","properties":{"port_id":"PORT_CLPAG","name":"Puerto Angamos","name_ascii":"Puerto Angamos","country_name":"Chile","country_iso2":"CL","country_iso3":"CHL","unlocode":"CLPAG","status":"RL","function":"123-----","outflows":5408319.366300002,"outflows_confidence":"STATISTICAL","grid_cell":[226,218],"snap_km":35.83,"routable":true,"confidence":"OBSERVED"},"geometry":{"type":"Point","coordinates":[-70.45,-23.0833]}},{"type":"Feature","properties":{"port_id":"PORT_CLPUQ","name":"Punta Arenas","name_ascii":"Punta Arenas","country_name":"Chile","country_iso2":"CL","country_iso3":"CHL","unlocode":"CLPUQ","status":"AI","function":"1-34----","outflows":18174.0,"outflows_confidence":"STATISTICAL","grid_cell":[286,218],"snap_km":17.82,"routable":true,"confidence":"OBSERVED"},"geometry":{"type":"Point","coordinates":[-70.9333,-53.1333]}},{"type":"Feature","properties":{"port_id":"PORT_CLSAI","name":"San Antonio","name_ascii":"San Antonio","country_name":"Chile","country_iso2":"CL","country_iso3":"CHL","unlocode":"CLSAI","status":"AI","function":"123-----","outflows":9417069.025,"outflows_confidence":"STATISTICAL","grid_cell":[247,216],"snap_km":21.7,"routable":true,"confidence":"OBSERVED"},"geometry":{"type":"Point","coordinates":[-71.6,-33.6]}},{"type":"Feature","properties":{"port_id":"PORT_CLSVE","name":"San Vicente","name_ascii":"San Vicente","country_name":"Chile","country_iso2":"CL","country_iso3":"CHL","unlocode":"CLSVE","status":"AI","function":"1-3-----","outflows":945075.625,"outflows_confidence":"STATISTICAL","grid_cell":[253,213],"snap_km":11.79,"routable":true,"confidence":"OBSERVED"},"geometry":{"type":"Point","coordinates":[-73.1333,-36.7]}},{"type":"Feature","properties":{"port_id":"PORT_CLVAP","name":"Valparaiso","name_ascii":"Valparaiso","country_name":"Chile","country_iso2":"CL","country_iso3":"CHL","unlocode":"CLVAP","status":"AI","function":"1234----","outflows":2059925.0,"outflows_confidence":"STATISTICAL","grid_cell":[246,216],"snap_km":26.43,"routable":true,"confidence":"OBSERVED"},"geometry":{"type":"Point","coordinates":[-71.6333,-33.0333]}},{"type":"Feature","properties":{"port_id":"PORT_CMDLA","name":"Douala","name_ascii":"Douala","country_name":"Cameroon","country_iso2":"CM","country_iso3":"CMR","unlocode":"CMDLA","status":"AI","function":"1--45---","outflows":1089387.80006,"outflows_confidence":"STATISTICAL","grid_cell":[172,378],"snap_km":60.33,"routable":true,"confidence":"OBSERVED"},"geometry":{"type":"Point","coordinates":[9.7043,4.0483]}},{"type":"Feature","properties":{"port_id":"PORT_CMKBI","name":"Kribi","name_ascii":"Kribi","country_name":"Cameroon","country_iso2":"CM","country_iso3":"CMR","unlocode":"CMKBI","status":"AI","function":"1--4----","outflows":1338743.54556,"outflows_confidence":"STATISTICAL","grid_cell":[174,379],"snap_km":27.2,"routable":true,"confidence":"OBSERVED"},"geometry":{"type":"Point","coordinates":[9.9077,2.9373]}},{"type":"Feature","properties":{"port_id":"PORT_CNCFD","name":"Caofeidian Pt","name_ascii":"Caofeidian Pt","country_name":"China","country_iso2":"CN","country_iso3":"CHN","unlocode":"CNCFD","status":"AS","function":"1-------","outflows":168350.0,"outflows_confidence":"STATISTICAL","grid_cell":[102,597],"snap_km":29.1,"routable":true,"confidence":"OBSERVED"},"geometry":{"type":"Point","coordinates":[118.5333,38.95]}},{"type":"Feature","properties":{"port_id":"PORT_CNDCB","name":"DA CHAN BAY","name_ascii":"DA CHAN BAY","country_name":"China","country_iso2":"CN","country_iso3":"CHN","unlocode":"CNDCB","status":"RL","function":"1----6--","outflows":4367401.071339998,"outflows_confidence":"STATISTICAL","grid_cell":[135,587],"snap_km":33.71,"routable":true,"confidence":"OBSERVED"},"geometry":{"type":"Point","coordinates":[113.8667,22.5333]}},{"type":"Feature","properties":{"port_id":"PORT_CNDGG","name":"Dongguan Pt","name_ascii":"Dongguan Pt","country_name":"China","country_iso2":"CN","country_iso3":"CHN","unlocode":"CNDGG","status":"AS","function":"1-------","outflows":94354.0,"outflows_confidence":"STATISTICAL","grid_cell":[135,587],"snap_km":87.1,"routable":true,"confidence":"OBSERVED"},"geometry":{"type":"Point","coordinates":[113.75,23.0333]}},{"type":"Feature","properties":{"port_id":"PORT_CNDJK","name":"Dongjiangkou","name_ascii":"Dongjiangkou","country_name":"China","country_iso2":"CN","country_iso3":"CHN","unlocode":"CNDJK","status":"AS","function":"1-------","outflows":386750.0,"outflows_confidence":"STATISTICAL","grid_cell":[109,599],"snap_km":21.66,"routable":true,"confidence":"OBSERVED"},"geometry":{"type":"Point","coordinates":[119.5225,35.3089]}},{"type":"Feature","properties":{"port_id":"PORT_CNFQG","name":"Fuqing","name_ascii":"Fuqing","country_name":"China","country_iso2":"CN","country_iso3":"CHN","unlocode":"CNFQG","status":"RL","function":"--3-----","outflows":1164780.9333599997,"outflows_confidence":"STATISTICAL","grid_cell":[128,599],"snap_km":38.58,"routable":true,"confidence":"OBSERVED"},"geometry":{"type":"Point","coordinates":[119.3667,25.7167]}},{"type":"Feature","properties":{"port_id":"PORT_CNHMN","name":"Humen Pt","name_ascii":"Humen Pt","country_name":"China","country_iso2":"CN","country_iso3":"CHN","unlocode":"CNHMN","status":"AS","function":"1-------","outflows":630027.5,"outflows_confidence":"STATISTICAL","grid_cell":[135,587],"snap_km":65.43,"routable":true,"confidence":"OBSERVED"},"geometry":{"type":"Point","coordinates":[113.6667,22.8333]}},{"type":"Feature","properties":{"port_id":"PORT_CNHUI","name":"Huizhou Pt","name_ascii":"Huizhou Pt","country_name":"China","country_iso2":"CN","country_iso3":"CHN","unlocode":"CNHUI","status":"AS","function":"1-------","outflows":27300.0,"outflows_confidence":"STATISTICAL","grid_cell":[135,588],"snap_km":93.43,"routable":true,"confidence":"OBSERVED"},"geometry":{"type":"Point","coordinates":[114.3667,23.0833]}},{"type":"Feature","properties":{"port_id":"PORT_CNJGY","name":"Jiangyin","name_ascii":"Jiangyin","country_name":"China","country_iso2":"CN","country_iso3":"CHN","unlocode":"CNJGY","status":"RL","function":"1-3-----","outflows":594906.0,"outflows_confidence":"STATISTICAL","grid_cell":[129,598],"snap_km":24.61,"routable":true,"confidence":"OBSERVED"},"geometry":{"type":"Point","coordinates":[119.3,25.4667]}},{"type":"Feature","properties":{"port_id":"PORT_CNJNZ","name":"Jinzhou Pt","name_ascii":"Jinzhou Pt","country_name":"China","country_iso2":"CN","country_iso3":"CHN","unlocode":"CNJNZ","status":"AS","function":"1-------","outflows":684866.0,"outflows_confidence":"STATISTICAL","grid_cell":[98,602],"snap_km":41.63,"routable":true,"confidence":"OBSERVED"},"geometry":{"type":"Point","coordinates":[121.15,41.1167]}},{"type":"Feature","properties":{"port_id":"PORT_CNLYG","name":"Lianyungang","name_ascii":"Lianyungang","country_name":"China","country_iso2":"CN","country_iso3":"CHN","unlocode":"CNLYG","status":"AS","function":"1-------","outflows":9288988.80945,"outflows_confidence":"STATISTICAL","grid_cell":[110,599],"snap_km":29.17,"routable":true,"confidence":"OBSERVED"},"geometry":{"type":"Point","coordinates":[119.4333,34.7167]}},{"type":"Feature","properties":{"port_id":"PORT_CNNSA","name":"Nansha Pt","name_ascii":"Nansha Pt","country_name":"China","country_iso2":"CN","country_iso3":"CHN","unlocode":"CNNSA","status":"AS","function":"1-------","outflows":42484636.038412996,"outflows_confidence":"STATISTICAL","grid_cell":[135,587],"snap_km":58.17,"routable":true,"confidence":"OBSERVED"},"geometry":{"type":"Point","coordinates":[113.5833,22.75]}},{"type":"Feature","properties":{"port_id":"PORT_CNNTG","name":"Nantong Pt","name_ascii":"Nantong Pt","country_name":"China","country_iso2":"CN","country_iso3":"CHN","unlocode":"CNNTG","status":"AS","function":"1-------","outflows":261618.5,"outflows_confidence":"STATISTICAL","grid_cell":[115,603],"snap_km":88.63,"routable":true,"confidence":"OBSERVED"},"geometry":{"type":"Point","coordinates":[120.85,32.0167]}},{"type":"Feature","properties":{"port_id":"PORT_CNQZJ","name":"Quanzhou Pt","name_ascii":"Quanzhou Pt","country_name":"China","country_iso2":"CN","country_iso3":"CHN","unlocode":"CNQZJ","status":"AS","function":"1-------","outflows":512451.33335000003,"outflows_confidence":"STATISTICAL","grid_cell":[130,597],"snap_km":25.39,"routable":true,"confidence":"OBSERVED"},"geometry":{"type":"Point","coordinates":[118.6,24.9333]}},{"type":"Feature","properties":{"port_id":"PORT_CNRZH","name":"Rizhao Pt","name_ascii":"Rizhao Pt","country_name":"China","country_iso2":"CN","country_iso3":"CHN","unlocode":"CNRZH","status":"AS","function":"1-------","outflows":1075073.00003,"outflows_confidence":"STATISTICAL","grid_cell":[109,599],"snap_km":24.62,"routable":true,"confidence":"OBSERVED"},"geometry":{"type":"Point","coordinates":[119.5333,35.3833]}},{"type":"Feature","properties":{"port_id":"PORT_CNSHD","name":"Shidao Pt","name_ascii":"Shidao Pt","country_name":"China","country_iso2":"CN","country_iso3":"CHN","unlocode":"CNSHD","status":"AS","function":"1-------","outflows":54886.0,"outflows_confidence":"STATISTICAL","grid_cell":[106,604],"snap_km":20.85,"routable":true,"confidence":"OBSERVED"},"geometry":{"type":"Point","coordinates":[122.4333,36.8667]}},{"type":"Feature","properties":{"port_id":"PORT_CNSHK","name":"Shekou Pt","name_ascii":"Shekou Pt","country_name":"China","country_iso2":"CN","country_iso3":"CHN","unlocode":"CNSHK","status":"AS","function":"1-------","outflows":74635666.14055,"outflows_confidence":"STATISTICAL","grid_cell":[135,587],"snap_km":31.09,"routable":true,"confidence":"OBSERVED"},"geometry":{"type":"Point","coordinates":[113.9167,22.4833]}},{"type":"Feature","properties":{"port_id":"PORT_CNSHP","name":"Qinhuangdao Pt","name_ascii":"Qinhuangdao Pt","country_name":"China","country_iso2":"CN","country_iso3":"CHN","unlocode":"CNSHP","status":"AS","function":"1-------","outflows":105300.0,"outflows_confidence":"STATISTICAL","grid_cell":[100,599],"snap_km":23.37,"routable":true,"confidence":"OBSERVED"},"geometry":{"type":"Point","coordinates":[119.5833,39.9167]}},{"type":"Feature","properties":{"port_id":"PORT_CNWEF","name":"Weifang Pt","name_ascii":"Weifang Pt","country_name":"China","country_iso2":"CN","country_iso3":"CHN","unlocode":"CNWEF","status":"AS","function":"1--4----","outflows":65923.0,"outflows_confidence":"STATISTICAL","grid_cell":[105,598],"snap_km":60.78,"routable":true,"confidence":"OBSERVED"},"geometry":{"type":"Point","coordinates":[119.1,36.7167]}},{"type":"Feature","properties":{"port_id":"PORT_CNWEI","name":"Weihai","name_ascii":"Weihai","country_name":"China","country_iso2":"CN","country_iso3":"CHN","unlocode":"CNWEI","status":"AS","function":"1--45---","outflows":238257.5,"outflows_confidence":"STATISTICAL","grid_cell":[104,604],"snap_km":28.48,"routable":true,"confidence":"OBSERVED"},"geometry":{"type":"Point","coordinates":[122.1167,37.5167]}},{"type":"Feature","properties":{"port_id":"PORT_CNWIH","name":"Waihai","name_ascii":"Waihai","country_name":"China","country_iso2":"CN","country_iso3":"CHN","unlocode":"CNWIH","status":"AS","function":"1-------","outflows":50050.0,"outflows_confidence":"STATISTICAL","grid_cell":[135,587],"snap_km":73.43,"routable":true,"confidence":"OBSERVED"},"geometry":{"type":"Point","coordinates":[113.1333,22.5833]}},{"type":"Feature","properties":{"port_id":"PORT_CNYIK","name":"Yingkou Pt","name_ascii":"Yingkou Pt","country_name":"China","country_iso2":"CN","country_iso3":"CHN","unlocode":"CNYIK","status":"AS","function":"1-------","outflows":1421671.0,"outflows_confidence":"STATISTICAL","grid_cell":[98,603],"snap_km":40.88,"routable":true,"confidence":"OBSERVED"},"geometry":{"type":"Point","coordinates":[122.2167,40.65]}},{"type":"Feature","properties":{"port_id":"PORT_CNYPG","name":"Yangpu Pt","name_ascii":"Yangpu Pt","country_name":"China","country_iso2":"CN","country_iso3":"CHN","unlocode":"CNYPG","status":"AS","function":"1-------","outflows":872543.1665800002,"outflows_confidence":"STATISTICAL","grid_cell":[140,577],"snap_km":47.43,"routable":true,"confidence":"OBSERVED"},"geometry":{"type":"Point","coordinates":[109.2,19.7]}},{"type":"Feature","properties":{"port_id":"PORT_CNYTN","name":"Yantian Pt","name_ascii":"Yantian Pt","country_name":"China","country_iso2":"CN","country_iso3":"CHN","unlocode":"CNYTN","status":"AS","function":"1-------","outflows":74187678.53746,"outflows_confidence":"STATISTICAL","grid_cell":[126,600],"snap_km":39.64,"routable":true,"confidence":"OBSERVED"},"geometry":{"type":"Point","coordinates":[119.8667,26.85]}},{"type":"Feature","properties":{"port_id":"PORT_CNZJG","name":"Zhangjiagang","name_ascii":"Zhangjiagang","country_name":"China","country_iso2":"CN","country_iso3":"CHN","unlocode":"CNZJG","status":"AS","function":"1-------","outflows":196865.5,"outflows_confidence":"STATISTICAL","grid_cell":[114,602],"snap_km":119.1,"routable":true,"confidence":"OBSERVED"},"geometry":{"type":"Point","coordinates":[120.5333,31.8667]}},{"type":"Feature","properties":{"port_id":"PORT_CNZUH","name":"Zhuhai Pt","name_ascii":"Zhuhai Pt","country_name":"China","country_iso2":"CN","country_iso3":"CHN","unlocode":"CNZUH","status":"AS","function":"1-------","outflows":929467.5,"outflows_confidence":"STATISTICAL","grid_cell":[135,587],"snap_km":19.23,"routable":true,"confidence":"OBSERVED"},"geometry":{"type":"Point","coordinates":[113.5667,22.2833]}},{"type":"Feature","properties":{"port_id":"PORT_CNZZU","name":"Zhangzhou Pt","name_ascii":"Zhangzhou Pt","country_name":"China","country_iso2":"CN","country_iso3":"CHN","unlocode":"CNZZU","status":"AS","function":"1-------","outflows":340964.0,"outflows_confidence":"STATISTICAL","grid_cell":[131,596],"snap_km":67.61,"routable":true,"confidence":"OBSERVED"},"geometry":{"type":"Point","coordinates":[117.65,24.5167]}},{"type":"Feature","properties":{"port_id":"PORT_COBAQ","name":"Barranquilla","name_ascii":"Barranquilla","country_name":"Colombia","country_iso2":"CO","country_iso3":"COL","unlocode":"COBAQ","status":"AI","function":"1--45---","outflows":1238849.999953,"outflows_confidence":"STATISTICAL","grid_cell":[157,210],"snap_km":31.48,"routable":true,"confidence":"OBSERVED"},"geometry":{"type":"Point","coordinates":[-74.7813,10.9685]}},{"type":"Feature","properties":{"port_id":"PORT_COBUN","name":"Buenaventura","name_ascii":"Buenaventura","country_name":"Colombia","country_iso2":"CO","country_iso3":"COL","unlocode":"COBUN","status":"AI","function":"1--4----","outflows":12125518.600159997,"outflows_confidence":"STATISTICAL","grid_cell":[172,204],"snap_km":81.06,"routable":true,"confidence":"OBSERVED"},"geometry":{"type":"Point","coordinates":[-77.0312,3.8801]}},{"type":"Feature","properties":{"port_id":"PORT_COCTG","name":"Cartagena","name_ascii":"Cartagena","country_name":"Colombia","country_iso2":"CO","country_iso3":"COL","unlocode":"COCTG","status":"AI","function":"1--4----","outflows":16624367.157963,"outflows_confidence":"STATISTICAL","grid_cell":[159,208],"snap_km":30.68,"routable":true,"confidence":"OBSERVED"},"geometry":{"type":"Point","coordinates":[-75.5144,10.3997]}},{"type":"Feature","properties":{"port_id":"PORT_COLET","name":"Leticia","name_ascii":"Leticia","country_name":"Colombia","country_iso2":"CO","country_iso3":"COL","unlocode":"COLET","status":"AI","function":"1--4----","outflows":9675.0,"outflows_confidence":"STATISTICAL","grid_cell":null,"snap_km":null,"routable":false,"confidence":"OBSERVED"},"geometry":{"type":"Point","coordinates":[-69.9333,-4.2167]}},{"type":"Feature","properties":{"port_id":"PORT_COSMR","name":"Santa Marta","name_ascii":"Santa Marta","country_name":"Colombia","country_iso2":"CO","country_iso3":"COL","unlocode":"COSMR","status":"AI","function":"1--4----","outflows":1906046.5665720007,"outflows_confidence":"STATISTICAL","grid_cell":[157,211],"snap_km":5.65,"routable":true,"confidence":"OBSERVED"},"geometry":{"type":"Point","coordinates":[-74.199,11.2408]}},{"type":"Feature","properties":{"port_id":"PORT_COTLU","name":"Tolú","name_ascii":"Tolu","country_name":"Colombia","country_iso2":"CO","country_iso3":"COL","unlocode":"COTLU","status":"AI","function":"1--4----","outflows":9675.0,"outflows_confidence":"STATISTICAL","grid_cell":[160,208],"snap_km":30.24,"routable":true,"confidence":"OBSERVED"},"geometry":{"type":"Point","coordinates":[-75.5833,9.5333]}},{"type":"Feature","properties":{"port_id":"PORT_COTRB","name":"Turbo","name_ascii":"Turbo","country_name":"Colombia","country_iso2":"CO","country_iso3":"COL","unlocode":"COTRB","status":"AI","function":"1--4----","outflows":799731.4000149998,"outflows_confidence":"STATISTICAL","grid_cell":[162,206],"snap_km":74.22,"routable":true,"confidence":"OBSERVED"},"geometry":{"type":"Point","coordinates":[-76.7167,8.0833]}},{"type":"Feature","properties":{"port_id":"PORT_CRCAL","name":"Caldera","name_ascii":"Caldera","country_name":"Costa Rica","country_iso2":"CR","country_iso3":"CRI","unlocode":"CRCAL","status":"RL","function":"123-----","outflows":704191.8,"outflows_confidence":"STATISTICAL","grid_cell":[160,190],"snap_km":22.54,"routable":true,"confidence":"OBSERVED"},"geometry":{"type":"Point","coordinates":[-84.7167,9.95]}},{"type":"Feature","properties":{"port_id":"PORT_CRLIO","name":"Puerto Limón","name_ascii":"Puerto Limon","country_name":"Costa Rica","country_iso2":"CR","country_iso3":"CRI","unlocode":"CRLIO","status":"AI","function":"1-3-----","outflows":2372283.3334299996,"outflows_confidence":"STATISTICAL","grid_cell":[159,193],"snap_km":36.54,"routable":true,"confidence":"OBSERVED"},"geometry":{"type":"Point","coordinates":[-83.0333,10.0]}},{"type":"Feature","properties":{"port_id":"PORT_CRMOB","name":"Moín","name_ascii":"Moin","country_name":"Costa Rica","country_iso2":"CR","country_iso3":"CRI","unlocode":"CRMOB","status":"RL","function":"1-3-----","outflows":2884497.416525,"outflows_confidence":"STATISTICAL","grid_cell":[159,193],"snap_km":33.25,"routable":true,"confidence":"OBSERVED"},"geometry":{"type":"Point","coordinates":[-83.0833,10.0]}},{"type":"Feature","properties":{"port_id":"PORT_CUMAR","name":"Mariel","name_ascii":"Mariel","country_name":"Cuba","country_iso2":"CU","country_iso3":"CUB","unlocode":"CUMAR","status":"RL","function":"1234----","outflows":370296.8,"outflows_confidence":"STATISTICAL","grid_cell":[133,194],"snap_km":27.8,"routable":true,"confidence":"OBSERVED"},"geometry":{"type":"Point","coordinates":[-82.75,23.0]}},{"type":"Feature","properties":{"port_id":"PORT_CUMOA","name":"Moa","name_ascii":"Moa","country_name":"Cuba","country_iso2":"CU","country_iso3":"CUB","unlocode":"CUMOA","status":"AI","function":"---4----","outflows":65431.8,"outflows_confidence":"STATISTICAL","grid_cell":[138,210],"snap_km":23.26,"routable":true,"confidence":"OBSERVED"},"geometry":{"type":"Point","coordinates":[-74.9507,20.6578]}},{"type":"Feature","properties":{"port_id":"PORT_CUSCU","name":"Santiago de Cuba","name_ascii":"Santiago de Cuba","country_name":"Cuba","country_iso2":"CU","country_iso3":"CUB","unlocode":"CUSCU","status":"AI","function":"1--4----","outflows":63230.0,"outflows_confidence":"STATISTICAL","grid_cell":[140,208],"snap_km":31.16,"routable":true,"confidence":"OBSERVED"},"geometry":{"type":"Point","coordinates":[-75.8267,20.0208]}},{"type":"Feature","properties":{"port_id":"PORT_CVMIN","name":"Mindelo","name_ascii":"Mindelo","country_name":"Cabo Verde","country_iso2":"CV","country_iso3":"CPV","unlocode":"CVMIN","status":"RL","function":"1-3-----","outflows":114309.0,"outflows_confidence":"STATISTICAL","grid_cell":[146,310],"snap_km":30.46,"routable":true,"confidence":"OBSERVED"},"geometry":{"type":"Point","coordinates":[-25.0,16.8833]}},{"type":"Feature","properties":{"port_id":"PORT_CVPAL","name":"Palmeira","name_ascii":"Palmeira","country_name":"Cabo Verde","country_iso2":"CV","country_iso3":"CPV","unlocode":"CVPAL","status":"RQ","function":"0-------","outflows":13234.0,"outflows_confidence":"STATISTICAL","grid_cell":[146,314],"snap_km":24.87,"routable":true,"confidence":"OBSERVED"},"geometry":{"type":"Point","coordinates":[-22.9835,16.7575]}},{"type":"Feature","properties":{"port_id":"PORT_CVRAI","name":"Praia","name_ascii":"Praia","country_name":"Cabo Verde","country_iso2":"CV","country_iso3":"CPV","unlocode":"CVRAI","status":"AI","function":"1--4----","outflows":114309.0,"outflows_confidence":"STATISTICAL","grid_cell":[150,312],"snap_km":32.54,"routable":true,"confidence":"OBSERVED"},"geometry":{"type":"Point","coordinates":[-23.5125,14.9315]}},{"type":"Feature","properties":{"port_id":"PORT_CVSAR","name":"Sal Rei","name_ascii":"Sal Rei","country_name":"Cabo Verde","country_iso2":"CV","country_iso3":"CPV","unlocode":"CVSAR","status":"RQ","function":"0-------","outflows":25421.5,"outflows_confidence":"STATISTICAL","grid_cell":[147,314],"snap_km":19.65,"routable":true,"confidence":"OBSERVED"},"geometry":{"type":"Point","coordinates":[-22.9172,16.1761]}},{"type":"Feature","properties":{"port_id":"PORT_CWWIL","name":"Willemstad","name_ascii":"Willemstad","country_name":"Curaçao","country_iso2":"CW","country_iso3":"CUW","unlocode":"CWWIL","status":"AI","function":"1-------","outflows":721990.3,"outflows_confidence":"STATISTICAL","grid_cell":[155,222],"snap_km":24.62,"routable":true,"confidence":"OBSERVED"},"geometry":{"type":"Point","coordinates":[-68.9167,12.1]}},{"type":"Feature","properties":{"port_id":"PORT_CXFFC","name":"Flying Fish Cove","name_ascii":"Flying Fish Cove","country_name":"Christmas Island","country_iso2":"CX","country_iso3":null,"unlocode":"CXFFC","status":"RL","function":"1-------","outflows":2520.0,"outflows_confidence":"STATISTICAL","grid_cell":[200,571],"snap_km":18.89,"routable":true,"confidence":"OBSERVED"},"geometry":{"type":"Point","coordinates":[105.7167,-10.4167]}},{"type":"Feature","properties":{"port_id":"PORT_CYLMS","name":"Limassol","name_ascii":"Limassol","country_name":"Cyprus","country_iso2":"CY","country_iso3":"CYP","unlocode":"CYLMS","status":"AA","function":"1-3-5---","outflows":2366252.75,"outflows_confidence":"STATISTICAL","grid_cell":[111,426],"snap_km":51.56,"routable":true,"confidence":"OBSERVED"},"geometry":{"type":"Point","coordinates":[33.05,34.6833]}},{"type":"Feature","properties":{"port_id":"PORT_DEBKE","name":"Brake","name_ascii":"Brake","country_name":"Germany","country_iso2":"DE","country_iso3":"DEU","unlocode":"DEBKE","status":"AF","function":"123-----","outflows":27774.0,"outflows_confidence":"STATISTICAL","grid_cell":[72,376],"snap_km":48.83,"routable":true,"confidence":"OBSERVED"},"geometry":{"type":"Point","coordinates":[8.4833,53.3333]}},{"type":"Feature","properties":{"port_id":"PORT_DEBRE","name":"Bremen","name_ascii":"Bremen","country_name":"Germany","country_iso2":"DE","country_iso3":"DEU","unlocode":"DEBRE","status":"AF","function":"12345---","outflows":197153.69999199998,"outflows_confidence":"STATISTICAL","grid_cell":[72,376],"snap_km":83.57,"routable":true,"confidence":"OBSERVED"},"geometry":{"type":"Point","coordinates":[8.8072,53.0758]}},{"type":"Feature","properties":{"port_id":"PORT_DEBRV","name":"Bremerhaven","name_ascii":"Bremerhaven","country_name":"Germany","country_iso2":"DE","country_iso3":"DEU","unlocode":"DEBRV","status":"AF","function":"1234----","outflows":21710907.495360006,"outflows_confidence":"STATISTICAL","grid_cell":[72,376],"snap_km":32.81,"routable":true,"confidence":"OBSERVED"},"geometry":{"type":"Point","coordinates":[8.593,53.5361]}},{"type":"Feature","properties":{"port_id":"PORT_DECUX","name":"Cuxhaven","name_ascii":"Cuxhaven","country_name":"Germany","country_iso2":"DE","country_iso3":"DEU","unlocode":"DECUX","status":"AF","function":"123-----","outflows":128258.0,"outflows_confidence":"STATISTICAL","grid_cell":[72,376],"snap_km":33.05,"routable":true,"confidence":"OBSERVED"},"geometry":{"type":"Point","coordinates":[8.7,53.8833]}},{"type":"Feature","properties":{"port_id":"PORT_DEEME","name":"Emden","name_ascii":"Emden","country_name":"Germany","country_iso2":"DE","country_iso3":"DEU","unlocode":"DEEME","status":"AF","function":"1234----","outflows":14598.0,"outflows_confidence":"STATISTICAL","grid_cell":[72,374],"snap_km":42.68,"routable":true,"confidence":"OBSERVED"},"geometry":{"type":"Point","coordinates":[7.2167,53.3667]}},{"type":"Feature","properties":{"port_id":"PORT_DEHAM","name":"Hamburg","name_ascii":"Hamburg","country_name":"Germany","country_iso2":"DE","country_iso3":"DEU","unlocode":"DEHAM","status":"AF","function":"12345---","outflows":42669313.48603998,"outflows_confidence":"STATISTICAL","grid_cell":[71,377],"snap_km":112.59,"routable":true,"confidence":"OBSERVED"},"geometry":{"type":"Point","coordinates":[9.993,53.5507]}},{"type":"Feature","properties":{"port_id":"PORT_DEKEL","name":"Kiel","name_ascii":"Kiel","country_name":"Germany","country_iso2":"DE","country_iso3":"DEU","unlocode":"DEKEL","status":"AF","function":"1234----","outflows":14040.0,"outflows_confidence":"STATISTICAL","grid_cell":[70,380],"snap_km":46.94,"routable":true,"confidence":"OBSERVED"},"geometry":{"type":"Point","coordinates":[10.1333,54.3333]}},{"type":"Feature","properties":{"port_id":"PORT_DELBC","name":"Lübeck","name_ascii":"Lubeck","country_name":"Germany","country_iso2":"DE","country_iso3":"DEU","unlocode":"DELBC","status":"AF","function":"12345---","outflows":295233.5,"outflows_confidence":"STATISTICAL","grid_cell":[71,382],"snap_km":56.07,"routable":true,"confidence":"OBSERVED"},"geometry":{"type":"Point","coordinates":[10.6873,53.8689]}},{"type":"Feature","properties":{"port_id":"PORT_DERSK","name":"Rostock","name_ascii":"Rostock","country_name":"Germany","country_iso2":"DE","country_iso3":"DEU","unlocode":"DERSK","status":"AF","function":"12345---","outflows":7984.0,"outflows_confidence":"STATISTICAL","grid_cell":[71,383],"snap_km":31.08,"routable":true,"confidence":"OBSERVED"},"geometry":{"type":"Point","coordinates":[12.1333,54.0833]}},{"type":"Feature","properties":{"port_id":"PORT_DETRV","name":"Travemünde","name_ascii":"Travemunde","country_name":"Germany","country_iso2":"DE","country_iso3":"DEU","unlocode":"DETRV","status":"AF","function":"123-----","outflows":73746.0,"outflows_confidence":"STATISTICAL","grid_cell":[71,382],"snap_km":40.36,"routable":true,"confidence":"OBSERVED"},"geometry":{"type":"Point","coordinates":[10.8709,53.963]}},{"type":"Feature","properties":{"port_id":"PORT_DEWVN","name":"Wilhelmshaven","name_ascii":"Wilhelmshaven","country_name":"Germany","country_iso2":"DE","country_iso3":"DEU","unlocode":"DEWVN","status":"AF","function":"1234----","outflows":7664957.392799999,"outflows_confidence":"STATISTICAL","grid_cell":[72,376],"snap_km":27.06,"routable":true,"confidence":"OBSERVED"},"geometry":{"type":"Point","coordinates":[8.1333,53.5167]}},{"type":"Feature","properties":{"port_id":"PORT_DJJIB","name":"Djibouti","name_ascii":"Djibouti","country_name":"Djibouti","country_iso2":"DJ","country_iso3":"DJI","unlocode":"DJJIB","status":"AI","function":"1--45---","outflows":4852561.035250001,"outflows_confidence":"STATISTICAL","grid_cell":[156,446],"snap_km":21.24,"routable":true,"confidence":"OBSERVED"},"geometry":{"type":"Point","coordinates":[43.145,11.589]}},{"type":"Feature","properties":{"port_id":"PORT_DKAAL","name":"Aalborg","name_ascii":"Aalborg","country_name":"Denmark","country_iso2":"DK","country_iso3":"DNK","unlocode":"DKAAL","status":"AF","function":"12345---","outflows":74932.0,"outflows_confidence":"STATISTICAL","grid_cell":[65,378],"snap_km":46.17,"routable":true,"confidence":"OBSERVED"},"geometry":{"type":"Point","coordinates":[9.9187,57.048]}},{"type":"Feature","properties":{"port_id":"PORT_DKAAR","name":"Aarhus","name_ascii":"Aarhus","country_name":"Denmark","country_iso2":"DK","country_iso3":"DNK","unlocode":"DKAAR","status":"AF","function":"12345---","outflows":4009844.4282799996,"outflows_confidence":"STATISTICAL","grid_cell":[68,380],"snap_km":44.53,"routable":true,"confidence":"OBSERVED"},"geometry":{"type":"Point","coordinates":[10.2167,56.15]}},{"type":"Feature","properties":{"port_id":"PORT_DKCPH","name":"København","name_ascii":"Kobenhavn","country_name":"Denmark","country_iso2":"DK","country_iso3":"DNK","unlocode":"DKCPH","status":"AF","function":"12345---","outflows":138606.0,"outflows_confidence":"STATISTICAL","grid_cell":[68,385],"snap_km":13.96,"routable":true,"confidence":"OBSERVED"},"geometry":{"type":"Point","coordinates":[12.5833,55.6667]}},{"type":"Feature","properties":{"port_id":"PORT_DKEBJ","name":"Esbjerg","name_ascii":"Esbjerg","country_name":"Denmark","country_iso2":"DK","country_iso3":"DNK","unlocode":"DKEBJ","status":"AF","function":"1234----","outflows":28620.0,"outflows_confidence":"STATISTICAL","grid_cell":[69,376],"snap_km":27.62,"routable":true,"confidence":"OBSERVED"},"geometry":{"type":"Point","coordinates":[8.4519,55.4703]}},{"type":"Feature","properties":{"port_id":"PORT_DKFRC","name":"Fredericia","name_ascii":"Fredericia","country_name":"Denmark","country_iso2":"DK","country_iso3":"DNK","unlocode":"DKFRC","status":"AF","function":"12--5---","outflows":245869.0,"outflows_confidence":"STATISTICAL","grid_cell":[69,379],"snap_km":35.1,"routable":true,"confidence":"OBSERVED"},"geometry":{"type":"Point","coordinates":[9.7526,55.5657]}},{"type":"Feature","properties":{"port_id":"PORT_DKGRE","name":"Grenaa","name_ascii":"Grenaa","country_name":"Denmark","country_iso2":"DK","country_iso3":"DNK","unlocode":"DKGRE","status":"AF","function":"123-----","outflows":16263.0,"outflows_confidence":"STATISTICAL","grid_cell":[67,382],"snap_km":29.41,"routable":true,"confidence":"OBSERVED"},"geometry":{"type":"Point","coordinates":[10.8782,56.4158]}},{"type":"Feature","properties":{"port_id":"PORT_DKHUN","name":"Hundested","name_ascii":"Hundested","country_name":"Denmark","country_iso2":"DK","country_iso3":"DNK","unlocode":"DKHUN","status":"AF","function":"123-----","outflows":16263.0,"outflows_confidence":"STATISTICAL","grid_cell":[67,383],"snap_km":32.41,"routable":true,"confidence":"OBSERVED"},"geometry":{"type":"Point","coordinates":[11.8504,55.964]}},{"type":"Feature","properties":{"port_id":"PORT_DKSKA","name":"Skagen","name_ascii":"Skagen","country_name":"Denmark","country_iso2":"DK","country_iso3":"DNK","unlocode":"DKSKA","status":"AF","function":"12------","outflows":56420.0,"outflows_confidence":"STATISTICAL","grid_cell":[64,381],"snap_km":10.37,"routable":true,"confidence":"OBSERVED"},"geometry":{"type":"Point","coordinates":[10.5839,57.7209]}},{"type":"Feature","properties":{"port_id":"PORT_DMRSU","name":"Roseau","name_ascii":"Roseau","country_name":"Dominica","country_iso2":"DM","country_iso3":"DMA","unlocode":"DMRSU","status":"AI","function":"1-------","outflows":370965.4,"outflows_confidence":"STATISTICAL","grid_cell":[149,237],"snap_km":15.89,"routable":true,"confidence":"OBSERVED"},"geometry":{"type":"Point","coordinates":[-61.3881,15.3017]}},{"type":"Feature","properties":{"port_id":"PORT_DOBCC","name":"Boca Chica","name_ascii":"Boca Chica","country_name":"Dominican Republic","country_iso2":"DO","country_iso3":"DOM","unlocode":"DOBCC","status":"AI","function":"1-------","outflows":333493.3333,"outflows_confidence":"STATISTICAL","grid_cell":[143,220],"snap_km":27.3,"routable":true,"confidence":"OBSERVED"},"geometry":{"type":"Point","coordinates":[-69.6,18.45]}},{"type":"Feature","properties":{"port_id":"PORT_DOCAU","name":"Caucedo","name_ascii":"Caucedo","country_name":"Dominican Republic","country_iso2":"DO","country_iso3":"DOM","unlocode":"DOCAU","status":"RL","function":"1-3--6--","outflows":11771542.79576,"outflows_confidence":"STATISTICAL","grid_cell":[143,220],"snap_km":22.25,"routable":true,"confidence":"OBSERVED"},"geometry":{"type":"Point","coordinates":[-69.6333,18.4167]}},{"type":"Feature","properties":{"port_id":"PORT_DOMAN","name":"Manzanillo","name_ascii":"Manzanillo","country_name":"Dominican Republic","country_iso2":"DO","country_iso3":"DOM","unlocode":"DOMAN","status":"RL","function":"123-----","outflows":53258.4,"outflows_confidence":"STATISTICAL","grid_cell":[139,216],"snap_km":61.16,"routable":true,"confidence":"OBSERVED"},"geometry":{"type":"Point","coordinates":[-71.75,19.7]}},{"type":"Feature","properties":{"port_id":"PORT_DOPOP","name":"Puerto Plata","name_ascii":"Puerto Plata","country_name":"Dominican Republic","country_iso2":"DO","country_iso3":"DOM","unlocode":"DOPOP","status":"AI","function":"1-------","outflows":712651.3333,"outflows_confidence":"STATISTICAL","grid_cell":[140,219],"snap_km":46.13,"routable":true,"confidence":"OBSERVED"},"geometry":{"type":"Point","coordinates":[-70.6884,19.7934]}},{"type":"Feature","properties":{"port_id":"PORT_DZALG","name":"Alger (Algiers)","name_ascii":"Alger (Algiers)","country_name":"Algeria","country_iso2":"DZ","country_iso3":"DZA","unlocode":"DZALG","status":"AI","function":"123456--","outflows":835952.4,"outflows_confidence":"STATISTICAL","grid_cell":[106,365],"snap_km":26.73,"routable":true,"confidence":"OBSERVED"},"geometry":{"type":"Point","coordinates":[3.05,36.75]}},{"type":"Feature","properties":{"port_id":"PORT_DZAZW","name":"Arzew","name_ascii":"Arzew","country_name":"Algeria","country_iso2":"DZ","country_iso3":"DZA","unlocode":"DZAZW","status":"RL","function":"123-----","outflows":24660.0,"outflows_confidence":"STATISTICAL","grid_cell":[108,358],"snap_km":41.17,"routable":true,"confidence":"OBSERVED"},"geometry":{"type":"Point","coordinates":[-0.3167,35.8667]}},{"type":"Feature","properties":{"port_id":"PORT_DZGHZ","name":"Ghazaouet","name_ascii":"Ghazaouet","country_name":"Algeria","country_iso2":"DZ","country_iso3":"DZA","unlocode":"DZGHZ","status":"RL","function":"123-----","outflows":72735.0,"outflows_confidence":"STATISTICAL","grid_cell":[109,356],"snap_km":18.99,"routable":true,"confidence":"OBSERVED"},"geometry":{"type":"Point","coordinates":[-1.85,35.1]}},{"type":"Feature","properties":{"port_id":"PORT_DZMOS","name":"Mostaganem","name_ascii":"Mostaganem","country_name":"Algeria","country_iso2":"DZ","country_iso3":"DZA","unlocode":"DZMOS","status":"QQ","function":"1-------","outflows":20553.75,"outflows_confidence":"STATISTICAL","grid_cell":[107,360],"snap_km":38.29,"routable":true,"confidence":"OBSERVED"},"geometry":{"type":"Point","coordinates":[0.0892,35.9312]}},{"type":"Feature","properties":{"port_id":"PORT_DZORN","name":"Oran","name_ascii":"Oran","country_name":"Algeria","country_iso2":"DZ","country_iso3":"DZA","unlocode":"DZORN","status":"AI","function":"1--4----","outflows":210402.15,"outflows_confidence":"STATISTICAL","grid_cell":[108,358],"snap_km":11.76,"routable":true,"confidence":"OBSERVED"},"geometry":{"type":"Point","coordinates":[-0.6359,35.6991]}},{"type":"Feature","properties":{"port_id":"PORT_ECESM","name":"Esmeraldas","name_ascii":"Esmeraldas","country_name":"Ecuador","country_iso2":"EC","country_iso3":"ECU","unlocode":"ECESM","status":"AI","function":"1--4----","outflows":153990.2,"outflows_confidence":"STATISTICAL","grid_cell":[177,200],"snap_km":30.17,"routable":true,"confidence":"OBSERVED"},"geometry":{"type":"Point","coordinates":[-79.7,0.9833]}},{"type":"Feature","properties":{"port_id":"PORT_ECGYE","name":"Guayaquil","name_ascii":"Guayaquil","country_name":"Ecuador","country_iso2":"EC","country_iso3":"ECU","unlocode":"ECGYE","status":"AI","function":"1--45---","outflows":8368052.225200001,"outflows_confidence":"STATISTICAL","grid_cell":[185,198],"snap_km":114.56,"routable":true,"confidence":"OBSERVED"},"geometry":{"type":"Point","coordinates":[-79.9,-2.1667]}},{"type":"Feature","properties":{"port_id":"PORT_ECPBO","name":"Puerto Bolívar","name_ascii":"Puerto Bolivar","country_name":"Ecuador","country_iso2":"EC","country_iso3":"ECU","unlocode":"ECPBO","status":"AI","function":"1-------","outflows":1601516.8,"outflows_confidence":"STATISTICAL","grid_cell":[186,199],"snap_km":29.66,"routable":true,"confidence":"OBSERVED"},"geometry":{"type":"Point","coordinates":[-79.9833,-3.2667]}},{"type":"Feature","properties":{"port_id":"PORT_ECPSJ","name":"Posorja","name_ascii":"Posorja","country_name":"Ecuador","country_iso2":"EC","country_iso3":"ECU","unlocode":"ECPSJ","status":"RL","function":"--3--6--","outflows":1776250.6667999995,"outflows_confidence":"STATISTICAL","grid_cell":[185,198],"snap_km":55.81,"routable":true,"confidence":"OBSERVED"},"geometry":{"type":"Point","coordinates":[-80.25,-2.7]}},{"type":"Feature","properties":{"port_id":"PORT_EEKND","name":"Kunda","name_ascii":"Kunda","country_name":"Estonia","country_iso2":"EE","country_iso3":"EST","unlocode":"EEKND","status":"AA","function":"1------B","outflows":4176.0,"outflows_confidence":"STATISTICAL","grid_cell":[60,413],"snap_km":28.66,"routable":true,"confidence":"OBSERVED"},"geometry":{"type":"Point","coordinates":[26.5333,59.5167]}},{"type":"Feature","properties":{"port_id":"PORT_EEMUG","name":"Muuga","name_ascii":"Muuga","country_name":"Estonia","country_iso2":"EE","country_iso3":"EST","unlocode":"EEMUG","status":"AA","function":"1------B","outflows":74880.0,"outflows_confidence":"STATISTICAL","grid_cell":[60,409],"snap_km":30.35,"routable":true,"confidence":"OBSERVED"},"geometry":{"type":"Point","coordinates":[24.9667,59.5]}},{"type":"Feature","properties":{"port_id":"PORT_EEPLA","name":"Paldiski","name_ascii":"Paldiski","country_name":"Estonia","country_iso2":"EE","country_iso3":"EST","unlocode":"EEPLA","status":"AA","function":"-23----B","outflows":90009.0,"outflows_confidence":"STATISTICAL","grid_cell":[60,408],"snap_km":45.88,"routable":true,"confidence":"OBSERVED"},"geometry":{"type":"Point","coordinates":[24.05,59.35]}},{"type":"Feature","properties":{"port_id":"PORT_EETLL","name":"Tallinn","name_ascii":"Tallinn","country_name":"Estonia","country_iso2":"EE","country_iso3":"EST","unlocode":"EETLL","status":"AI","function":"1--45---","outflows":493596.99998,"outflows_confidence":"STATISTICAL","grid_cell":[60,409],"snap_km":35.22,"routable":true,"confidence":"OBSERVED"},"geometry":{"type":"Point","coordinates":[24.7333,59.4333]}},{"type":"Feature","properties":{"port_id":"PORT_EGALY","name":"El Iskandariya (Alexandria)","name_ascii":"El Iskandariya (Alexandria)","country_name":"Egypt","country_iso2":"EG","country_iso3":"EGY","unlocode":"EGALY","status":"AI","function":"1--45---","outflows":6389301.29979,"outflows_confidence":"STATISTICAL","grid_cell":[117,419],"snap_km":17.5,"routable":true,"confidence":"OBSERVED"},"geometry":{"type":"Point","coordinates":[29.9167,31.1833]}},{"type":"Feature","properties":{"port_id":"PORT_EGDAM","name":"Dumyat (Damietta)","name_ascii":"Dumyat (Damietta)","country_name":"Egypt","country_iso2":"EG","country_iso3":"EGY","unlocode":"EGDAM","status":"RL","function":"1234----","outflows":9993066.850010002,"outflows_confidence":"STATISTICAL","grid_cell":[116,423],"snap_km":37.6,"routable":true,"confidence":"OBSERVED"},"geometry":{"type":"Point","coordinates":[31.8167,31.4167]}},{"type":"Feature","properties":{"port_id":"PORT_EGEDK","name":"El Dekheila","name_ascii":"El Dekheila","country_name":"Egypt","country_iso2":"EG","country_iso3":"EGY","unlocode":"EGEDK","status":"RQ","function":"1-------","outflows":265833.75,"outflows_confidence":"STATISTICAL","grid_cell":[117,419],"snap_km":14.83,"routable":true,"confidence":"OBSERVED"},"geometry":{"type":"Point","coordinates":[29.8213,31.1313]}},{"type":"Feature","properties":{"port_id":"PORT_EGPSD","name":"Port Said","name_ascii":"Port Said","country_name":"Egypt","country_iso2":"EG","country_iso3":"EGY","unlocode":"EGPSD","status":"AI","function":"1--4----","outflows":20587604.955879994,"outflows_confidence":"STATISTICAL","grid_cell":[117,424],"snap_km":5.22,"routable":true,"confidence":"OBSERVED"},"geometry":{"type":"Point","coordinates":[32.3019,31.2653]}},{"type":"Feature","properties":{"port_id":"PORT_EGSOK","name":"Sokhna Port","name_ascii":"Sokhna Port","country_name":"Egypt","country_iso2":"EG","country_iso3":"EGY","unlocode":"EGSOK","status":"RQ","function":"1-------","outflows":3639356.7318400005,"outflows_confidence":"STATISTICAL","grid_cell":[121,425],"snap_km":58.98,"routable":true,"confidence":"OBSERVED"},"geometry":{"type":"Point","coordinates":[32.35,29.65]}},{"type":"Feature","properties":{"port_id":"PORT_ERMSW","name":"Massawa (Mitsiwa)","name_ascii":"Massawa (Mitsiwa)","country_name":"Eritrea","country_iso2":"ER","country_iso3":"ERI","unlocode":"ERMSW","status":"AI","function":"1234----","outflows":44242.0,"outflows_confidence":"STATISTICAL","grid_cell":[148,439],"snap_km":36.19,"routable":true,"confidence":"OBSERVED"},"geometry":{"type":"Point","coordinates":[39.45,15.6]}},{"type":"Feature","properties":{"port_id":"PORT_ESACE","name":"Lanzarote","name_ascii":"Lanzarote","country_name":"Spain","country_iso2":"ES","country_iso3":"ESP","unlocode":"ESACE","status":"AI","function":"1--4----","outflows":421980.0,"outflows_confidence":"STATISTICAL","grid_cell":[122,332],"snap_km":32.03,"routable":true,"confidence":"OBSERVED"},"geometry":{"type":"Point","coordinates":[-13.5333,28.9667]}},{"type":"Feature","properties":{"port_id":"PORT_ESAGP","name":"Málaga","name_ascii":"Malaga","country_name":"Spain","country_iso2":"ES","country_iso3":"ESP","unlocode":"ESAGP","status":"AI","function":"1--45---","outflows":439868.0,"outflows_confidence":"STATISTICAL","grid_cell":[107,351],"snap_km":53.99,"routable":true,"confidence":"OBSERVED"},"geometry":{"type":"Point","coordinates":[-4.4167,36.7167]}},{"type":"Feature","properties":{"port_id":"PORT_ESALC","name":"Alicante","name_ascii":"Alicante","country_name":"Spain","country_iso2":"ES","country_iso3":"ESP","unlocode":"ESALC","status":"AI","function":"12345---","outflows":317642.0,"outflows_confidence":"STATISTICAL","grid_cell":[103,359],"snap_km":22.81,"routable":true,"confidence":"OBSERVED"},"geometry":{"type":"Point","coordinates":[-0.4815,38.3452]}},{"type":"Feature","properties":{"port_id":"PORT_ESALG","name":"Algeciras","name_ascii":"Algeciras","country_name":"Spain","country_iso2":"ES","country_iso3":"ESP","unlocode":"ESALG","status":"AI","function":"1-------","outflows":27490011.70193002,"outflows_confidence":"STATISTICAL","grid_cell":[107,349],"snap_km":22.19,"routable":true,"confidence":"OBSERVED"},"geometry":{"type":"Point","coordinates":[-5.4505,36.1333]}},{"type":"Feature","properties":{"port_id":"PORT_ESBCN","name":"Barcelona","name_ascii":"Barcelona","country_name":"Spain","country_iso2":"ES","country_iso3":"ESP","unlocode":"ESBCN","status":"AI","function":"12345---","outflows":22873062.028564,"outflows_confidence":"STATISTICAL","grid_cell":[97,364],"snap_km":17.2,"routable":true,"confidence":"OBSERVED"},"geometry":{"type":"Point","coordinates":[2.159,41.3888]}},{"type":"Feature","properties":{"port_id":"PORT_ESBIO","name":"Bilbao","name_ascii":"Bilbao","country_name":"Spain","country_iso2":"ES","country_iso3":"ESP","unlocode":"ESBIO","status":"AI","function":"12345---","outflows":757628.7999919999,"outflows_confidence":"STATISTICAL","grid_cell":[92,354],"snap_km":58.28,"routable":true,"confidence":"OBSERVED"},"geometry":{"type":"Point","coordinates":[-2.9667,43.25]}},{"type":"Feature","properties":{"port_id":"PORT_ESCAD","name":"Cadiz","name_ascii":"Cadiz","country_name":"Spain","country_iso2":"ES","country_iso3":"ESP","unlocode":"ESCAD","status":"AI","function":"1-------","outflows":248618.5,"outflows_confidence":"STATISTICAL","grid_cell":[107,347],"snap_km":30.97,"routable":true,"confidence":"OBSERVED"},"geometry":{"type":"Point","coordinates":[-6.2891,36.5267]}},{"type":"Feature","properties":{"port_id":"PORT_ESCAR","name":"Cartagena","name_ascii":"Cartagena","country_name":"Spain","country_iso2":"ES","country_iso3":"ESP","unlocode":"ESCAR","status":"AA","function":"123-----","outflows":161718.0,"outflows_confidence":"STATISTICAL","grid_cell":[104,358],"snap_km":26.46,"routable":true,"confidence":"OBSERVED"},"geometry":{"type":"Point","coordinates":[-0.9833,37.6]}},{"type":"Feature","properties":{"port_id":"PORT_ESCAS","name":"Castellón de la Plana","name_ascii":"Castellon de la Plana","country_name":"Spain","country_iso2":"ES","country_iso3":"ESP","unlocode":"ESCAS","status":"AI","function":"123-----","outflows":2188540.79158,"outflows_confidence":"STATISTICAL","grid_cell":[100,360],"snap_km":35.47,"routable":true,"confidence":"OBSERVED"},"geometry":{"type":"Point","coordinates":[-0.0333,39.9833]}},{"type":"Feature","properties":{"port_id":"PORT_ESCEU","name":"Ceuta","name_ascii":"Ceuta","country_name":"Spain","country_iso2":"ES","country_iso3":"ESP","unlocode":"ESCEU","status":"AI","function":"1-------","outflows":45500.0,"outflows_confidence":"STATISTICAL","grid_cell":[108,349],"snap_km":16.73,"routable":true,"confidence":"OBSERVED"},"geometry":{"type":"Point","coordinates":[-5.3204,35.8892]}},{"type":"Feature","properties":{"port_id":"PORT_ESFRO","name":"Ferrol","name_ascii":"Ferrol","country_name":"Spain","country_iso2":"ES","country_iso3":"ESP","unlocode":"ESFRO","status":"AI","function":"123-----","outflows":165064.5,"outflows_confidence":"STATISTICAL","grid_cell":[92,343],"snap_km":29.65,"routable":true,"confidence":"OBSERVED"},"geometry":{"type":"Point","coordinates":[-8.25,43.4833]}},{"type":"Feature","properties":{"port_id":"PORT_ESFUE","name":"Puerto del Rosario-Fuerteventura","name_ascii":"Puerto del Rosario-Fuerteventura","country_name":"Spain","country_iso2":"ES","country_iso3":"ESP","unlocode":"ESFUE","status":"AI","function":"1--4----","outflows":219128.0,"outflows_confidence":"STATISTICAL","grid_cell":[122,332],"snap_km":29.86,"routable":true,"confidence":"OBSERVED"},"geometry":{"type":"Point","coordinates":[-13.8627,28.5004]}},{"type":"Feature","properties":{"port_id":"PORT_ESGIJ","name":"Gijón","name_ascii":"Gijon","country_name":"Spain","country_iso2":"ES","country_iso3":"ESP","unlocode":"ESGIJ","status":"AI","function":"1234----","outflows":356746.0,"outflows_confidence":"STATISTICAL","grid_cell":[92,348],"snap_km":25.01,"routable":true,"confidence":"OBSERVED"},"geometry":{"type":"Point","coordinates":[-5.6667,43.5333]}},{"type":"Feature","properties":{"port_id":"PORT_ESHUV","name":"Huelva","name_ascii":"Huelva","country_name":"Spain","country_iso2":"ES","country_iso3":"ESP","unlocode":"ESHUV","status":"AI","function":"123-----","outflows":191763.0,"outflows_confidence":"STATISTICAL","grid_cell":[106,346],"snap_km":59.85,"routable":true,"confidence":"OBSERVED"},"geometry":{"type":"Point","coordinates":[-6.94,37.2664]}},{"type":"Feature","properties":{"port_id":"PORT_ESLEI","name":"Almería","name_ascii":"Almeria","country_name":"Spain","country_iso2":"ES","country_iso3":"ESP","unlocode":"ESLEI","status":"AI","function":"1234----","outflows":123708.0,"outflows_confidence":"STATISTICAL","grid_cell":[106,355],"snap_km":20.08,"routable":true,"confidence":"OBSERVED"},"geometry":{"type":"Point","coordinates":[-2.45,36.8333]}},{"type":"Feature","properties":{"port_id":"PORT_ESLPA","name":"Las Palmas de Gran Canaria","name_ascii":"Las Palmas de Gran Canaria","country_name":"Spain","country_iso2":"ES","country_iso3":"ESP","unlocode":"ESLPA","status":"AI","function":"1-3456--","outflows":5009347.528700001,"outflows_confidence":"STATISTICAL","grid_cell":[123,329],"snap_km":23.35,"routable":true,"confidence":"OBSERVED"},"geometry":{"type":"Point","coordinates":[-15.4167,28.1]}},{"type":"Feature","properties":{"port_id":"PORT_ESMLN","name":"Melilla","name_ascii":"Melilla","country_name":"Spain","country_iso2":"ES","country_iso3":"ESP","unlocode":"ESMLN","status":"AI","function":"1-34----","outflows":45500.0,"outflows_confidence":"STATISTICAL","grid_cell":[109,354],"snap_km":14.19,"routable":true,"confidence":"OBSERVED"},"geometry":{"type":"Point","coordinates":[-2.8833,35.3167]}},{"type":"Feature","properties":{"port_id":"PORT_ESSAG","name":"Sagunto","name_ascii":"Sagunto","country_name":"Spain","country_iso2":"ES","country_iso3":"ESP","unlocode":"ESSAG","status":"AI","function":"123-----","outflows":417560.0,"outflows_confidence":"STATISTICAL","grid_cell":[100,360],"snap_km":44.81,"routable":true,"confidence":"OBSERVED"},"geometry":{"type":"Point","coordinates":[-0.2667,39.6833]}},{"type":"Feature","properties":{"port_id":"PORT_ESSCT","name":"Santa Cruz de Tenerife","name_ascii":"Santa Cruz de Tenerife","country_name":"Spain","country_iso2":"ES","country_iso3":"ESP","unlocode":"ESSCT","status":"AI","function":"1---5---","outflows":640000.0,"outflows_confidence":"STATISTICAL","grid_cell":[123,327],"snap_km":24.27,"routable":true,"confidence":"OBSERVED"},"geometry":{"type":"Point","coordinates":[-16.2546,28.4682]}},{"type":"Feature","properties":{"port_id":"PORT_ESSDR","name":"Santander","name_ascii":"Santander","country_name":"Spain","country_iso2":"ES","country_iso3":"ESP","unlocode":"ESSDR","status":"AI","function":"1234----","outflows":23634.0,"outflows_confidence":"STATISTICAL","grid_cell":[92,352],"snap_km":32.02,"routable":true,"confidence":"OBSERVED"},"geometry":{"type":"Point","coordinates":[-3.8044,43.4647]}},{"type":"Feature","properties":{"port_id":"PORT_ESSPC","name":"Santa Cruz de La Palma","name_ascii":"Santa Cruz de La Palma","country_name":"Spain","country_iso2":"ES","country_iso3":"ESP","unlocode":"ESSPC","status":"AI","function":"1--4----","outflows":245440.0,"outflows_confidence":"STATISTICAL","grid_cell":[122,324],"snap_km":7.59,"routable":true,"confidence":"OBSERVED"},"geometry":{"type":"Point","coordinates":[-17.7667,28.6833]}},{"type":"Feature","properties":{"port_id":"PORT_ESSVQ","name":"Sevilla","name_ascii":"Sevilla","country_name":"Spain","country_iso2":"ES","country_iso3":"ESP","unlocode":"ESSVQ","status":"AI","function":"12345---","outflows":49842.0,"outflows_confidence":"STATISTICAL","grid_cell":[106,346],"snap_km":98.5,"routable":true,"confidence":"OBSERVED"},"geometry":{"type":"Point","coordinates":[-5.9732,37.3828]}},{"type":"Feature","properties":{"port_id":"PORT_ESTAR","name":"Tarragona","name_ascii":"Tarragona","country_name":"Spain","country_iso2":"ES","country_iso3":"ESP","unlocode":"ESTAR","status":"AI","function":"1234----","outflows":977262.0,"outflows_confidence":"STATISTICAL","grid_cell":[98,362],"snap_km":40.77,"routable":true,"confidence":"OBSERVED"},"geometry":{"type":"Point","coordinates":[1.25,41.1167]}},{"type":"Feature","properties":{"port_id":"PORT_ESVGO","name":"Vigo","name_ascii":"Vigo","country_name":"Spain","country_iso2":"ES","country_iso3":"ESP","unlocode":"ESVGO","status":"AI","function":"1--4----","outflows":929140.333324,"outflows_confidence":"STATISTICAL","grid_cell":[95,341],"snap_km":43.45,"routable":true,"confidence":"OBSERVED"},"geometry":{"type":"Point","coordinates":[-8.7226,42.2328]}},{"type":"Feature","properties":{"port_id":"PORT_ESVIL","name":"Villagarcía de Arosa","name_ascii":"Villagarcia de Arosa","country_name":"Spain","country_iso2":"ES","country_iso3":"ESP","unlocode":"ESVIL","status":"AI","function":"1-3-----","outflows":130988.0,"outflows_confidence":"STATISTICAL","grid_cell":[94,341],"snap_km":44.15,"routable":true,"confidence":"OBSERVED"},"geometry":{"type":"Point","coordinates":[-8.75,42.6]}},{"type":"Feature","properties":{"port_id":"PORT_ESVLC","name":"Valencia","name_ascii":"Valencia","country_name":"Spain","country_iso2":"ES","country_iso3":"ESP","unlocode":"ESVLC","status":"AI","function":"12345---","outflows":32174699.419024,"outflows_confidence":"STATISTICAL","grid_cell":[101,359],"snap_km":26.78,"routable":true,"confidence":"OBSERVED"},"geometry":{"type":"Point","coordinates":[-0.3774,39.4697]}},{"type":"Feature","properties":{"port_id":"PORT_FIHEL","name":"Helsingfors (Helsinki)","name_ascii":"Helsingfors (Helsinki)","country_name":"Finland","country_iso2":"FI","country_iso3":"FIN","unlocode":"FIHEL","status":"AI","function":"1-------","outflows":745328.9999500001,"outflows_confidence":"STATISTICAL","grid_cell":[59,411],"snap_km":45.88,"routable":true,"confidence":"OBSERVED"},"geometry":{"type":"Point","coordinates":[24.9354,60.1695]}},{"type":"Feature","properties":{"port_id":"PORT_FIHKO","name":"Hangö (Hanko)","name_ascii":"Hango (Hanko)","country_name":"Finland","country_iso2":"FI","country_iso3":"FIN","unlocode":"FIHKO","status":"AI","function":"1-------","outflows":134144.0,"outflows_confidence":"STATISTICAL","grid_cell":[60,405],"snap_km":14.53,"routable":true,"confidence":"OBSERVED"},"geometry":{"type":"Point","coordinates":[22.95,59.8333]}},{"type":"Feature","properties":{"port_id":"PORT_FIHMN","name":"Fredrikshamn (Hamina)","name_ascii":"Fredrikshamn (Hamina)","country_name":"Finland","country_iso2":"FI","country_iso3":"FIN","unlocode":"FIHMN","status":"AI","function":"1-------","outflows":4437.0,"outflows_confidence":"STATISTICAL","grid_cell":[59,414],"snap_km":35.32,"routable":true,"confidence":"OBSERVED"},"geometry":{"type":"Point","coordinates":[27.2,60.5667]}},{"type":"Feature","properties":{"port_id":"PORT_FIKEM","name":"Kemi/Torneå (Kemi/Tornio)","name_ascii":"Kemi/Tornea (Kemi/Tornio)","country_name":"Finland","country_iso2":"FI","country_iso3":"FIN","unlocode":"FIKEM","status":"AI","function":"1-34----","outflows":106574.0,"outflows_confidence":"STATISTICAL","grid_cell":[48,408],"snap_km":14.59,"routable":true,"confidence":"OBSERVED"},"geometry":{"type":"Point","coordinates":[24.5667,65.7333]}},{"type":"Feature","properties":{"port_id":"PORT_FIKOK","name":"Karleby (Kokkola)","name_ascii":"Karleby (Kokkola)","country_name":"Finland","country_iso2":"FI","country_iso3":"FIN","unlocode":"FIKOK","status":"AI","function":"123-----","outflows":39182.0,"outflows_confidence":"STATISTICAL","grid_cell":[52,405],"snap_km":20.25,"routable":true,"confidence":"OBSERVED"},"geometry":{"type":"Point","coordinates":[23.1167,63.8333]}},{"type":"Feature","properties":{"port_id":"PORT_FIKTK","name":"Kotka","name_ascii":"Kotka","country_name":"Finland","country_iso2":"FI","country_iso3":"FIN","unlocode":"FIKTK","status":"AC","function":"123----B","outflows":1116795.49992,"outflows_confidence":"STATISTICAL","grid_cell":[59,413],"snap_km":25.78,"routable":true,"confidence":"OBSERVED"},"geometry":{"type":"Point","coordinates":[26.9167,60.4667]}},{"type":"Feature","properties":{"port_id":"PORT_FIPOR","name":"Björneborg (Pori)","name_ascii":"Bjorneborg (Pori)","country_name":"Finland","country_iso2":"FI","country_iso3":"FIN","unlocode":"FIPOR","status":"AI","function":"1-34----","outflows":5220.0,"outflows_confidence":"STATISTICAL","grid_cell":[57,402],"snap_km":39.14,"routable":true,"confidence":"OBSERVED"},"geometry":{"type":"Point","coordinates":[21.8,61.4833]}},{"type":"Feature","properties":{"port_id":"PORT_FIPRS","name":"Jakobstad (Pietarsaari)","name_ascii":"Jakobstad (Pietarsaari)","country_name":"Finland","country_iso2":"FI","country_iso3":"FIN","unlocode":"FIPRS","status":"AI","function":"123-----","outflows":9396.0,"outflows_confidence":"STATISTICAL","grid_cell":[52,405],"snap_km":7.59,"routable":true,"confidence":"OBSERVED"},"geometry":{"type":"Point","coordinates":[22.7833,63.6833]}},{"type":"Feature","properties":{"port_id":"PORT_FIRAU","name":"Rauma (Raumo)","name_ascii":"Rauma (Raumo)","country_name":"Finland","country_iso2":"FI","country_iso3":"FIN","unlocode":"FIRAU","status":"AC","function":"123----B","outflows":705561.4999800001,"outflows_confidence":"STATISTICAL","grid_cell":[57,402],"snap_km":18.65,"routable":true,"confidence":"OBSERVED"},"geometry":{"type":"Point","coordinates":[21.5,61.1333]}},{"type":"Feature","properties":{"port_id":"PORT_FITKU","name":"Turku (Åbo)","name_ascii":"Turku (Abo)","country_name":"Finland","country_iso2":"FI","country_iso3":"FIN","unlocode":"FITKU","status":"AI","function":"1-34----","outflows":16263.0,"outflows_confidence":"STATISTICAL","grid_cell":[59,404],"snap_km":22.31,"routable":true,"confidence":"OBSERVED"},"geometry":{"type":"Point","coordinates":[22.2833,60.45]}},{"type":"Feature","properties":{"port_id":"PORT_FITOR","name":"Torneå (Tornio)","name_ascii":"Tornea (Tornio)","country_name":"Finland","country_iso2":"FI","country_iso3":"FIN","unlocode":"FITOR","status":"AI","function":"1-------","outflows":91624.0,"outflows_confidence":"STATISTICAL","grid_cell":[48,408],"snap_km":11.53,"routable":true,"confidence":"OBSERVED"},"geometry":{"type":"Point","coordinates":[24.1833,65.85]}},{"type":"Feature","properties":{"port_id":"PORT_FIVKO","name":"Valko (Valkom)","name_ascii":"Valko (Valkom)","country_name":"Finland","country_iso2":"FI","country_iso3":"FIN","unlocode":"FIVKO","status":"AC","function":"1-3-----","outflows":84688.5,"outflows_confidence":"STATISTICAL","grid_cell":[59,412],"snap_km":18.23,"routable":true,"confidence":"OBSERVED"},"geometry":{"type":"Point","coordinates":[26.2466,60.4139]}},{"type":"Feature","properties":{"port_id":"PORT_FJLTK","name":"Lautoka","name_ascii":"Lautoka","country_name":"Fiji","country_iso2":"FJ","country_iso3":"FJI","unlocode":"FJLTK","status":"RL","function":"123-----","outflows":490393.0,"outflows_confidence":"STATISTICAL","grid_cell":[215,714],"snap_km":25.86,"routable":true,"confidence":"OBSERVED"},"geometry":{"type":"Point","coordinates":[177.45,-17.6167]}},{"type":"Feature","properties":{"port_id":"PORT_FJSUV","name":"Suva","name_ascii":"Suva","country_name":"Fiji","country_iso2":"FJ","country_iso3":"FJI","unlocode":"FJSUV","status":"AI","function":"1--45---","outflows":535295.0,"outflows_confidence":"STATISTICAL","grid_cell":[216,716],"snap_km":24.79,"routable":true,"confidence":"OBSERVED"},"geometry":{"type":"Point","coordinates":[178.45,-18.1333]}},{"type":"Feature","properties":{"port_id":"PORT_FOKOL","name":"Kollafjördur","name_ascii":"Kollafjordur","country_name":"Faroe Islands","country_iso2":"FO","country_iso3":"FRO","unlocode":"FOKOL","status":"RL","function":"1-3-----","outflows":82628.0,"outflows_confidence":"STATISTICAL","grid_cell":[55,345],"snap_km":24.12,"routable":true,"confidence":"OBSERVED"},"geometry":{"type":"Point","coordinates":[-6.8833,62.1167]}},{"type":"Feature","properties":{"port_id":"PORT_FOTHO","name":"Thorshavn","name_ascii":"Thorshavn","country_name":"Faroe Islands","country_iso2":"FO","country_iso3":"FRO","unlocode":"FOTHO","status":"RL","function":"1-------","outflows":91104.0,"outflows_confidence":"STATISTICAL","grid_cell":[56,346],"snap_km":29.66,"routable":true,"confidence":"OBSERVED"},"geometry":{"type":"Point","coordinates":[-6.7667,62.0167]}},{"type":"Feature","properties":{"port_id":"PORT_FRBAS","name":"Bassens","name_ascii":"Bassens","country_name":"France","country_iso2":"FR","country_iso3":"FRA","unlocode":"FRBAS","status":"AF","function":"12------","outflows":33930.0,"outflows_confidence":"STATISTICAL","grid_cell":[90,357],"snap_km":60.19,"routable":true,"confidence":"OBSERVED"},"geometry":{"type":"Point","coordinates":[-0.5167,44.9]}},{"type":"Feature","properties":{"port_id":"PORT_FRBES","name":"Brest","name_ascii":"Brest","country_name":"France","country_iso2":"FR","country_iso3":"FRA","unlocode":"FRBES","status":"AF","function":"1234----","outflows":107185.0,"outflows_confidence":"STATISTICAL","grid_cell":[83,350],"snap_km":25.82,"routable":true,"confidence":"OBSERVED"},"geometry":{"type":"Point","coordinates":[-4.4833,48.4]}},{"type":"Feature","properties":{"port_id":"PORT_FRDKK","name":"Dunkerque","name_ascii":"Dunkerque","country_name":"France","country_iso2":"FR","country_iso3":"FRA","unlocode":"FRDKK","status":"AF","function":"12--5---","outflows":4450642.083629999,"outflows_confidence":"STATISTICAL","grid_cell":[77,364],"snap_km":25.83,"routable":true,"confidence":"OBSERVED"},"geometry":{"type":"Point","coordinates":[2.3833,51.0333]}},{"type":"Feature","properties":{"port_id":"PORT_FRFOS","name":"Fos-sur-Mer","name_ascii":"Fos-sur-Mer","country_name":"France","country_iso2":"FR","country_iso3":"FRA","unlocode":"FRFOS","status":"AF","function":"123---7-","outflows":18248513.215530016,"outflows_confidence":"STATISTICAL","grid_cell":[93,369],"snap_km":25.21,"routable":true,"confidence":"OBSERVED"},"geometry":{"type":"Point","coordinates":[4.9333,43.4333]}},{"type":"Feature","properties":{"port_id":"PORT_FRLEH","name":"Le Havre","name_ascii":"Le Havre","country_name":"France","country_iso2":"FR","country_iso3":"FRA","unlocode":"FRLEH","status":"AF","function":"12345---","outflows":35976285.665610015,"outflows_confidence":"STATISTICAL","grid_cell":[80,360],"snap_km":29.82,"routable":true,"confidence":"OBSERVED"},"geometry":{"type":"Point","coordinates":[0.1,49.5]}},{"type":"Feature","properties":{"port_id":"PORT_FRLPE","name":"la Pallice","name_ascii":"la Pallice","country_name":"France","country_iso2":"FR","country_iso3":"FRA","unlocode":"FRLPE","status":"AF","function":"1-------","outflows":22725.0,"outflows_confidence":"STATISTICAL","grid_cell":[87,356],"snap_km":42.07,"routable":true,"confidence":"OBSERVED"},"geometry":{"type":"Point","coordinates":[-1.2167,46.1667]}},{"type":"Feature","properties":{"port_id":"PORT_FRLRH","name":"La Rochelle","name_ascii":"La Rochelle","country_name":"France","country_iso2":"FR","country_iso3":"FRA","unlocode":"FRLRH","status":"AF","function":"12-4----","outflows":33930.0,"outflows_confidence":"STATISTICAL","grid_cell":[88,357],"snap_km":46.97,"routable":true,"confidence":"OBSERVED"},"geometry":{"type":"Point","coordinates":[-1.15,46.1667]}},{"type":"Feature","properties":{"port_id":"PORT_FRMRS","name":"Marseille","name_ascii":"Marseille","country_name":"France","country_iso2":"FR","country_iso3":"FRA","unlocode":"FRMRS","status":"AF","function":"12-45---","outflows":629024.0,"outflows_confidence":"STATISTICAL","grid_cell":[93,370],"snap_km":13.36,"routable":true,"confidence":"OBSERVED"},"geometry":{"type":"Point","coordinates":[5.4,43.3]}},{"type":"Feature","properties":{"port_id":"PORT_FRMTX","name":"Montoir-de-Bretagne","name_ascii":"Montoir-de-Bretagne","country_name":"France","country_iso2":"FR","country_iso3":"FRA","unlocode":"FRMTX","status":"AF","function":"123-----","outflows":1130547.1665700004,"outflows_confidence":"STATISTICAL","grid_cell":[85,354],"snap_km":46.19,"routable":true,"confidence":"OBSERVED"},"geometry":{"type":"Point","coordinates":[-2.15,47.3333]}},{"type":"Feature","properties":{"port_id":"PORT_FRPOV","name":"Port-Vendres","name_ascii":"Port-Vendres","country_name":"France","country_iso2":"FR","country_iso3":"FRA","unlocode":"FRPOV","status":"AF","function":"12------","outflows":21450.0,"outflows_confidence":"STATISTICAL","grid_cell":[94,366],"snap_km":28.15,"routable":true,"confidence":"OBSERVED"},"geometry":{"type":"Point","coordinates":[3.1167,42.5167]}},{"type":"Feature","properties":{"port_id":"PORT_FRRAD","name":"Radicatel","name_ascii":"Radicatel","country_name":"France","country_iso2":"FR","country_iso3":"FRA","unlocode":"FRRAD","status":"RL","function":"1-3-----","outflows":42900.000003,"outflows_confidence":"STATISTICAL","grid_cell":[80,360],"snap_km":33.12,"routable":true,"confidence":"OBSERVED"},"geometry":{"type":"Point","coordinates":[0.5,49.5]}},{"type":"Feature","properties":{"port_id":"PORT_FRSET","name":"Sète","name_ascii":"Sete","country_name":"France","country_iso2":"FR","country_iso3":"FRA","unlocode":"FRSET","status":"AF","function":"123-----","outflows":34041.0,"outflows_confidence":"STATISTICAL","grid_cell":[93,367],"snap_km":17.16,"routable":true,"confidence":"OBSERVED"},"geometry":{"type":"Point","coordinates":[3.7,43.4]}},{"type":"Feature","properties":{"port_id":"PORT_FRTLN","name":"Toulon","name_ascii":"Toulon","country_name":"France","country_iso2":"FR","country_iso3":"FRA","unlocode":"FRTLN","status":"AF","function":"12-4----","outflows":1080.0,"outflows_confidence":"STATISTICAL","grid_cell":[94,371],"snap_km":43.42,"routable":true,"confidence":"OBSERVED"},"geometry":{"type":"Point","coordinates":[5.9333,43.1167]}},{"type":"Feature","properties":{"port_id":"PORT_FRURO","name":"Rouen","name_ascii":"Rouen","country_name":"France","country_iso2":"FR","country_iso3":"FRA","unlocode":"FRURO","status":"AF","function":"1-34----","outflows":34842.0,"outflows_confidence":"STATISTICAL","grid_cell":[80,360],"snap_km":69.75,"routable":true,"confidence":"OBSERVED"},"geometry":{"type":"Point","coordinates":[1.1,49.45]}},{"type":"Feature","properties":{"port_id":"PORT_GALBV","name":"Libreville","name_ascii":"Libreville","country_name":"Gabon","country_iso2":"GA","country_iso3":"GAB","unlocode":"GALBV","status":"AI","function":"1--45---","outflows":414222.00002999994,"outflows_confidence":"STATISTICAL","grid_cell":[179,378],"snap_km":27.62,"routable":true,"confidence":"OBSERVED"},"geometry":{"type":"Point","coordinates":[9.4536,0.3924]}},{"type":"Feature","properties":{"port_id":"PORT_GAPOG","name":"Port Gentil","name_ascii":"Port Gentil","country_name":"Gabon","country_iso2":"GA","country_iso3":"GAB","unlocode":"GAPOG","status":"AI","function":"1--45---","outflows":148566.9,"outflows_confidence":"STATISTICAL","grid_cell":[181,377],"snap_km":4.89,"routable":true,"confidence":"OBSERVED"},"geometry":{"type":"Point","coordinates":[8.7815,-0.7193]}},{"type":"Feature","properties":{"port_id":"PORT_GBABD","name":"Aberdeen","name_ascii":"Aberdeen","country_name":"United Kingdom","country_iso2":"GB","country_iso3":"GBR","unlocode":"GBABD","status":"AF","function":"1--4----","outflows":48681.0,"outflows_confidence":"STATISTICAL","grid_cell":[65,356],"snap_km":24.76,"routable":true,"confidence":"OBSERVED"},"geometry":{"type":"Point","coordinates":[-2.1,57.1333]}},{"type":"Feature","properties":{"port_id":"PORT_GBBEL","name":"Belfast","name_ascii":"Belfast","country_name":"United Kingdom","country_iso2":"GB","country_iso3":"GBR","unlocode":"GBBEL","status":"AF","function":"1--4-6--","outflows":137826.0,"outflows_confidence":"STATISTICAL","grid_cell":[69,348],"snap_km":31.49,"routable":true,"confidence":"OBSERVED"},"geometry":{"type":"Point","coordinates":[-5.9167,54.9833]}},{"type":"Feature","properties":{"port_id":"PORT_GBBLY","name":"Blyth","name_ascii":"Blyth","country_name":"United Kingdom","country_iso2":"GB","country_iso3":"GBR","unlocode":"GBBLY","status":"AF","function":"1-------","outflows":13208.0,"outflows_confidence":"STATISTICAL","grid_cell":[69,357],"snap_km":21.36,"routable":true,"confidence":"OBSERVED"},"geometry":{"type":"Point","coordinates":[-1.5086,55.1271]}},{"type":"Feature","properties":{"port_id":"PORT_GBBRS","name":"Bristol","name_ascii":"Bristol","country_name":"United Kingdom","country_iso2":"GB","country_iso3":"GBR","unlocode":"GBBRS","status":"AF","function":"1234----","outflows":213286.66665,"outflows_confidence":"STATISTICAL","grid_cell":[77,352],"snap_km":83.28,"routable":true,"confidence":"OBSERVED"},"geometry":{"type":"Point","coordinates":[-2.5966,51.4552]}},{"type":"Feature","properties":{"port_id":"PORT_GBDVR","name":"Dover","name_ascii":"Dover","country_name":"United Kingdom","country_iso2":"GB","country_iso3":"GBR","unlocode":"GBDVR","status":"AF","function":"1---5---","outflows":17290.0,"outflows_confidence":"STATISTICAL","grid_cell":[77,362],"snap_km":14.46,"routable":true,"confidence":"OBSERVED"},"geometry":{"type":"Point","coordinates":[1.3126,51.126]}},{"type":"Feature","properties":{"port_id":"PORT_GBFOY","name":"Fowey","name_ascii":"Fowey","country_name":"United Kingdom","country_iso2":"GB","country_iso3":"GBR","unlocode":"GBFOY","status":"AF","function":"1-------","outflows":4941.0,"outflows_confidence":"STATISTICAL","grid_cell":[79,350],"snap_km":12.44,"routable":true,"confidence":"OBSERVED"},"geometry":{"type":"Point","coordinates":[-4.6386,50.3363]}},{"type":"Feature","properties":{"port_id":"PORT_GBFXT","name":"Felixstowe","name_ascii":"Felixstowe","country_name":"United Kingdom","country_iso2":"GB","country_iso3":"GBR","unlocode":"GBFXT","status":"AF","function":"1-------","outflows":23949484.180700015,"outflows_confidence":"STATISTICAL","grid_cell":[76,362],"snap_km":24.76,"routable":true,"confidence":"OBSERVED"},"geometry":{"type":"Point","coordinates":[1.3511,51.9637]}},{"type":"Feature","properties":{"port_id":"PORT_GBGRG","name":"Grangemouth","name_ascii":"Grangemouth","country_name":"United Kingdom","country_iso2":"GB","country_iso3":"GBR","unlocode":"GBGRG","status":"AF","function":"1-------","outflows":192244.0,"outflows_confidence":"STATISTICAL","grid_cell":[67,354],"snap_km":66.05,"routable":true,"confidence":"OBSERVED"},"geometry":{"type":"Point","coordinates":[-3.7167,56.0]}},{"type":"Feature","properties":{"port_id":"PORT_GBGRK","name":"Greenock","name_ascii":"Greenock","country_name":"United Kingdom","country_iso2":"GB","country_iso3":"GBR","unlocode":"GBGRK","status":"AF","function":"1-------","outflows":275567.66664999997,"outflows_confidence":"STATISTICAL","grid_cell":[68,348],"snap_km":65.68,"routable":true,"confidence":"OBSERVED"},"geometry":{"type":"Point","coordinates":[-4.75,55.9333]}},{"type":"Feature","properties":{"port_id":"PORT_GBHRW","name":"Harwich","name_ascii":"Harwich","country_name":"United Kingdom","country_iso2":"GB","country_iso3":"GBR","unlocode":"GBHRW","status":"AF","function":"1-------","outflows":61540.0,"outflows_confidence":"STATISTICAL","grid_cell":[76,362],"snap_km":21.47,"routable":true,"confidence":"OBSERVED"},"geometry":{"type":"Point","coordinates":[1.2844,51.9419]}},{"type":"Feature","properties":{"port_id":"PORT_GBHUL","name":"Hull","name_ascii":"Hull","country_name":"United Kingdom","country_iso2":"GB","country_iso3":"GBR","unlocode":"GBHUL","status":"AF","function":"1-------","outflows":219740.33333800005,"outflows_confidence":"STATISTICAL","grid_cell":[72,360],"snap_km":37.31,"routable":true,"confidence":"OBSERVED"},"geometry":{"type":"Point","coordinates":[-0.3167,53.7333]}},{"type":"Feature","properties":{"port_id":"PORT_GBIMM","name":"Immingham","name_ascii":"Immingham","country_name":"United Kingdom","country_iso2":"GB","country_iso3":"GBR","unlocode":"GBIMM","status":"AF","function":"1-------","outflows":329625.0,"outflows_confidence":"STATISTICAL","grid_cell":[72,360],"snap_km":34.97,"routable":true,"confidence":"OBSERVED"},"geometry":{"type":"Point","coordinates":[-0.2167,53.6]}},{"type":"Feature","properties":{"port_id":"PORT_GBLGP","name":"London Gateway Port","name_ascii":"London Gateway Port","country_name":"United Kingdom","country_iso2":"GB","country_iso3":"GBR","unlocode":"GBLGP","status":"RL","function":"123--6--","outflows":21704403.092420008,"outflows_confidence":"STATISTICAL","grid_cell":[76,362],"snap_km":59.78,"routable":true,"confidence":"OBSERVED"},"geometry":{"type":"Point","coordinates":[0.4833,51.5]}},{"type":"Feature","properties":{"port_id":"PORT_GBLIV","name":"Liverpool","name_ascii":"Liverpool","country_name":"United Kingdom","country_iso2":"GB","country_iso3":"GBR","unlocode":"GBLIV","status":"AF","function":"1--4----","outflows":1673890.2916200003,"outflows_confidence":"STATISTICAL","grid_cell":[72,353],"snap_km":40.57,"routable":true,"confidence":"OBSERVED"},"geometry":{"type":"Point","coordinates":[-3.0,53.4167]}},{"type":"Feature","properties":{"port_id":"PORT_GBPME","name":"Portsmouth","name_ascii":"Portsmouth","country_name":"United Kingdom","country_iso2":"GB","country_iso3":"GBR","unlocode":"GBPME","status":"AF","function":"1--4----","outflows":142997.400009,"outflows_confidence":"STATISTICAL","grid_cell":[78,358],"snap_km":24.61,"routable":true,"confidence":"OBSERVED"},"geometry":{"type":"Point","coordinates":[-1.0913,50.799]}},{"type":"Feature","properties":{"port_id":"PORT_GBPOO","name":"Poole","name_ascii":"Poole","country_name":"United Kingdom","country_iso2":"GB","country_iso3":"GBR","unlocode":"GBPOO","status":"AF","function":"1-------","outflows":8502.0,"outflows_confidence":"STATISTICAL","grid_cell":[79,356],"snap_km":54.23,"routable":true,"confidence":"OBSERVED"},"geometry":{"type":"Point","coordinates":[-1.9846,50.7143]}},{"type":"Feature","properties":{"port_id":"PORT_GBSCR","name":"Scrabster","name_ascii":"Scrabster","country_name":"United Kingdom","country_iso2":"GB","country_iso3":"GBR","unlocode":"GBSCR","status":"AF","function":"1-------","outflows":9204.0,"outflows_confidence":"STATISTICAL","grid_cell":[62,352],"snap_km":19.27,"routable":true,"confidence":"OBSERVED"},"geometry":{"type":"Point","coordinates":[-3.5463,58.6128]}},{"type":"Feature","properties":{"port_id":"PORT_GBSHS","name":"Sheerness","name_ascii":"Sheerness","country_name":"United Kingdom","country_iso2":"GB","country_iso3":"GBR","unlocode":"GBSHS","status":"AF","function":"1-------","outflows":21112.0,"outflows_confidence":"STATISTICAL","grid_cell":[77,362],"snap_km":39.93,"routable":true,"confidence":"OBSERVED"},"geometry":{"type":"Point","coordinates":[0.7625,51.4404]}},{"type":"Feature","properties":{"port_id":"PORT_GBSOU","name":"Southampton","name_ascii":"Southampton","country_name":"United Kingdom","country_iso2":"GB","country_iso3":"GBR","unlocode":"GBSOU","status":"AF","function":"1--4----","outflows":12580879.097799998,"outflows_confidence":"STATISTICAL","grid_cell":[78,358],"snap_km":49.04,"routable":true,"confidence":"OBSERVED"},"geometry":{"type":"Point","coordinates":[-1.4043,50.904]}},{"type":"Feature","properties":{"port_id":"PORT_GBTEE","name":"Teesport","name_ascii":"Teesport","country_name":"United Kingdom","country_iso2":"GB","country_iso3":"GBR","unlocode":"GBTEE","status":"AF","function":"1-------","outflows":556920.0,"outflows_confidence":"STATISTICAL","grid_cell":[70,358],"snap_km":31.7,"routable":true,"confidence":"OBSERVED"},"geometry":{"type":"Point","coordinates":[-1.15,54.5833]}},{"type":"Feature","properties":{"port_id":"PORT_GBTIL","name":"Tilbury","name_ascii":"Tilbury","country_name":"United Kingdom","country_iso2":"GB","country_iso3":"GBR","unlocode":"GBTIL","status":"AF","function":"1-------","outflows":1408139.0,"outflows_confidence":"STATISTICAL","grid_cell":[77,362],"snap_km":66.26,"routable":true,"confidence":"OBSERVED"},"geometry":{"type":"Point","coordinates":[0.3586,51.4625]}},{"type":"Feature","properties":{"port_id":"PORT_GBTYN","name":"Tyne","name_ascii":"Tyne","country_name":"United Kingdom","country_iso2":"GB","country_iso3":"GBR","unlocode":"GBTYN","status":"RQ","function":"1-------","outflows":31668.0,"outflows_confidence":"STATISTICAL","grid_cell":[69,357],"snap_km":30.14,"routable":true,"confidence":"OBSERVED"},"geometry":{"type":"Point","coordinates":[-1.4333,55.0]}},{"type":"Feature","properties":{"port_id":"PORT_GDSTG","name":"Saint George's","name_ascii":"Saint George's","country_name":"Grenada","country_iso2":"GD","country_iso3":"GRD","unlocode":"GDSTG","status":"AI","function":"1-------","outflows":454265.06669,"outflows_confidence":"STATISTICAL","grid_cell":[155,236],"snap_km":21.92,"routable":true,"confidence":"OBSERVED"},"geometry":{"type":"Point","coordinates":[-61.7523,12.0529]}},{"type":"Feature","properties":{"port_id":"PORT_GEBUS","name":"Batumi","name_ascii":"Batumi","country_name":"Georgia","country_iso2":"GE","country_iso3":"GEO","unlocode":"GEBUS","status":"AI","function":"1--4----","outflows":176479.99998,"outflows_confidence":"STATISTICAL","grid_cell":[96,442],"snap_km":34.05,"routable":true,"confidence":"OBSERVED"},"geometry":{"type":"Point","coordinates":[41.6339,41.6423]}},{"type":"Feature","properties":{"port_id":"PORT_GEPTI","name":"Poti","name_ascii":"Poti","country_name":"Georgia","country_iso2":"GE","country_iso3":"GEO","unlocode":"GEPTI","status":"QQ","function":"1-------","outflows":241566.0,"outflows_confidence":"STATISTICAL","grid_cell":[95,442],"snap_km":36.9,"routable":true,"confidence":"OBSERVED"},"geometry":{"type":"Point","coordinates":[41.6738,42.1427]}},{"type":"Feature","properties":{"port_id":"PORT_GFDDC","name":"Dégrad des Cannes","name_ascii":"Degrad des Cannes","country_name":"French Guiana","country_iso2":"GF","country_iso3":null,"unlocode":"GFDDC","status":"RL","function":"1-------","outflows":286520.0,"outflows_confidence":"STATISTICAL","grid_cell":[169,255],"snap_km":44.52,"routable":true,"confidence":"OBSERVED"},"geometry":{"type":"Point","coordinates":[-52.2667,4.85]}},{"type":"Feature","properties":{"port_id":"PORT_GHTEM","name":"Tema","name_ascii":"Tema","country_name":"Ghana","country_iso2":"GH","country_iso3":"GHA","unlocode":"GHTEM","status":"QQ","function":"1-------","outflows":7407893.36449,"outflows_confidence":"STATISTICAL","grid_cell":[169,359],"snap_km":53.35,"routable":true,"confidence":"OBSERVED"},"geometry":{"type":"Point","coordinates":[-0.0166,5.6698]}},{"type":"Feature","properties":{"port_id":"PORT_GHTKD","name":"Takoradi","name_ascii":"Takoradi","country_name":"Ghana","country_iso2":"GH","country_iso3":"GHA","unlocode":"GHTKD","status":"AI","function":"1--45---","outflows":343811.4,"outflows_confidence":"STATISTICAL","grid_cell":[170,356],"snap_km":16.51,"routable":true,"confidence":"OBSERVED"},"geometry":{"type":"Point","coordinates":[-1.7603,4.8982]}},{"type":"Feature","properties":{"port_id":"PORT_GIGIB","name":"Gibraltar","name_ascii":"Gibraltar","country_name":"Gibraltar","country_iso2":"GI","country_iso3":"GIB","unlocode":"GIGIB","status":"AI","function":"1--45---","outflows":67977.0,"outflows_confidence":"STATISTICAL","grid_cell":[107,349],"snap_km":14.89,"routable":true,"confidence":"OBSERVED"},"geometry":{"type":"Point","coordinates":[-5.3526,36.1447]}},{"type":"Feature","properties":{"port_id":"PORT_GLGOH","name":"Nuuk (Godthaab)","name_ascii":"Nuuk (Godthaab)","country_name":"Greenland","country_iso2":"GL","country_iso3":"GRL","unlocode":"GLGOH","status":"AI","function":"1-34----","outflows":23426.0,"outflows_confidence":"STATISTICAL","grid_cell":[51,256],"snap_km":7.41,"routable":true,"confidence":"OBSERVED"},"geometry":{"type":"Point","coordinates":[-51.75,64.1833]}},{"type":"Feature","properties":{"port_id":"PORT_GLJHS","name":"Sisimiut (Holsteinsborg)","name_ascii":"Sisimiut (Holsteinsborg)","country_name":"Greenland","country_iso2":"GL","country_iso3":"GRL","unlocode":"GLJHS","status":"AI","function":"1--4----","outflows":23426.0,"outflows_confidence":"STATISTICAL","grid_cell":[46,252],"snap_km":21.33,"routable":true,"confidence":"OBSERVED"},"geometry":{"type":"Point","coordinates":[-53.6735,66.9395]}},{"type":"Feature","properties":{"port_id":"PORT_GMBJL","name":"Banjul","name_ascii":"Banjul","country_name":"Gambia","country_iso2":"GM","country_iso3":"GMB","unlocode":"GMBJL","status":"AI","function":"1--45---","outflows":184275.0,"outflows_confidence":"STATISTICAL","grid_cell":[153,326],"snap_km":29.23,"routable":true,"confidence":"OBSERVED"},"geometry":{"type":"Point","coordinates":[-16.578,13.4527]}},{"type":"Feature","properties":{"port_id":"PORT_GNCKY","name":"Conakry","name_ascii":"Conakry","country_name":"Guinea","country_iso2":"GN","country_iso3":"GIN","unlocode":"GNCKY","status":"AI","function":"1--45---","outflows":676607.9047600002,"outflows_confidence":"STATISTICAL","grid_cell":[160,332],"snap_km":24.89,"routable":true,"confidence":"OBSERVED"},"geometry":{"type":"Point","coordinates":[-13.6773,9.538]}},{"type":"Feature","properties":{"port_id":"PORT_GPPTP","name":"Point-à-Pitre Apt","name_ascii":"Point-a-Pitre Apt","country_name":"Guadeloupe","country_iso2":"GP","country_iso3":null,"unlocode":"GPPTP","status":"AF","function":"1--45---","outflows":1970512.9165490004,"outflows_confidence":"STATISTICAL","grid_cell":[147,236],"snap_km":24.98,"routable":true,"confidence":"OBSERVED"},"geometry":{"type":"Point","coordinates":[-61.5167,16.2667]}},{"type":"Feature","properties":{"port_id":"PORT_GQBSG","name":"Bata","name_ascii":"Bata","country_name":"Equatorial Guinea","country_iso2":"GQ","country_iso3":"GNQ","unlocode":"GQBSG","status":"RQ","function":"1--45---","outflows":454067.0,"outflows_confidence":"STATISTICAL","grid_cell":[175,379],"snap_km":42.97,"routable":true,"confidence":"OBSERVED"},"geometry":{"type":"Point","coordinates":[9.7658,1.8639]}},{"type":"Feature","properties":{"port_id":"PORT_GQSSG","name":"Malabo","name_ascii":"Malabo","country_name":"Equatorial Guinea","country_iso2":"GQ","country_iso3":"GNQ","unlocode":"GQSSG","status":"AI","function":"1--4----","outflows":133795.9,"outflows_confidence":"STATISTICAL","grid_cell":[172,377],"snap_km":3.57,"routable":true,"confidence":"OBSERVED"},"geometry":{"type":"Point","coordinates":[8.7817,3.7558]}},{"type":"Feature","properties":{"port_id":"PORT_GRHER","name":"Heraklion (Iraklion)","name_ascii":"Heraklion (Iraklion)","country_name":"Greece","country_iso2":"GR","country_iso3":"GRC","unlocode":"GRHER","status":"AI","function":"1--4----","outflows":23582.0,"outflows_confidence":"STATISTICAL","grid_cell":[108,410],"snap_km":46.94,"routable":true,"confidence":"OBSERVED"},"geometry":{"type":"Point","coordinates":[25.1667,35.3333]}},{"type":"Feature","properties":{"port_id":"PORT_GRPIR","name":"Piraeus","name_ascii":"Piraeus","country_name":"Greece","country_iso2":"GR","country_iso3":"GRC","unlocode":"GRPIR","status":"AI","function":"1-------","outflows":25227137.508840002,"outflows_confidence":"STATISTICAL","grid_cell":[104,407],"snap_km":23.51,"routable":true,"confidence":"OBSERVED"},"geometry":{"type":"Point","coordinates":[23.6167,37.9333]}},{"type":"Feature","properties":{"port_id":"PORT_GRSKG","name":"Thessaloníki","name_ascii":"Thessaloniki","country_name":"Greece","country_iso2":"GR","country_iso3":"GRC","unlocode":"GRSKG","status":"AI","function":"1--45---","outflows":790815.9999900002,"outflows_confidence":"STATISTICAL","grid_cell":[99,405],"snap_km":45.86,"routable":true,"confidence":"OBSERVED"},"geometry":{"type":"Point","coordinates":[22.95,40.6333]}},{"type":"Feature","properties":{"port_id":"PORT_GRVOL","name":"Vólos","name_ascii":"Volos","country_name":"Greece","country_iso2":"GR","country_iso3":"GRC","unlocode":"GRVOL","status":"AI","function":"1--4----","outflows":23582.0,"outflows_confidence":"STATISTICAL","grid_cell":[101,406],"snap_km":28.89,"routable":true,"confidence":"OBSERVED"},"geometry":{"type":"Point","coordinates":[22.95,39.3667]}},{"type":"Feature","properties":{"port_id":"PORT_GTPBR","name":"Puerto Barrios","name_ascii":"Puerto Barrios","country_name":"Guatemala","country_iso2":"GT","country_iso3":"GTM","unlocode":"GTPBR","status":"AI","function":"1--4----","outflows":547993.333366,"outflows_confidence":"STATISTICAL","grid_cell":[147,183],"snap_km":68.76,"routable":true,"confidence":"OBSERVED"},"geometry":{"type":"Point","coordinates":[-88.5944,15.7278]}},{"type":"Feature","properties":{"port_id":"PORT_GTSTC","name":"Puerto Santo Tomás de Castilla","name_ascii":"Puerto Santo Tomas de Castilla","country_name":"Guatemala","country_iso2":"GT","country_iso3":"GTM","unlocode":"GTSTC","status":"AI","function":"1-------","outflows":1241734.0000599998,"outflows_confidence":"STATISTICAL","grid_cell":[147,183],"snap_km":72.64,"routable":true,"confidence":"OBSERVED"},"geometry":{"type":"Point","coordinates":[-88.6167,15.7]}},{"type":"Feature","properties":{"port_id":"PORT_GUPIT","name":"Piti","name_ascii":"Piti","country_name":"Guam","country_iso2":"GU","country_iso3":"GUM","unlocode":"GUPIT","status":"RL","function":"--3-----","outflows":52903.5,"outflows_confidence":"STATISTICAL","grid_cell":[153,649],"snap_km":21.62,"routable":true,"confidence":"OBSERVED"},"geometry":{"type":"Point","coordinates":[144.6833,13.4333]}},{"type":"Feature","properties":{"port_id":"PORT_GWOXB","name":"Bissau","name_ascii":"Bissau","country_name":"Guinea-Bissau","country_iso2":"GW","country_iso3":"GNB","unlocode":"GWOXB","status":"AI","function":"1-345---","outflows":114309.0,"outflows_confidence":"STATISTICAL","grid_cell":[156,328],"snap_km":21.28,"routable":true,"confidence":"OBSERVED"},"geometry":{"type":"Point","coordinates":[-15.5833,11.85]}},{"type":"Feature","properties":{"port_id":"PORT_GYGEO","name":"Georgetown","name_ascii":"Georgetown","country_name":"Guyana","country_iso2":"GY","country_iso3":"GUY","unlocode":"GYGEO","status":"AI","function":"1--45---","outflows":428041.33332200005,"outflows_confidence":"STATISTICAL","grid_cell":[166,244],"snap_km":45.16,"routable":true,"confidence":"OBSERVED"},"geometry":{"type":"Point","coordinates":[-58.1553,6.8045]}},{"type":"Feature","properties":{"port_id":"PORT_HKHKG","name":"Hong Kong","name_ascii":"Hong Kong","country_name":"Hong Kong","country_iso2":"HK","country_iso3":"HKG","unlocode":"HKHKG","status":"AI","function":"1--45---","outflows":80530648.25273904,"outflows_confidence":"STATISTICAL","grid_cell":[135,588],"snap_km":8.37,"routable":true,"confidence":"OBSERVED"},"geometry":{"type":"Point","coordinates":[114.1747,22.2783]}},{"type":"Feature","properties":{"port_id":"PORT_HNPCA","name":"Puerto Castilla","name_ascii":"Puerto Castilla","country_name":"Honduras","country_iso2":"HN","country_iso3":"HND","unlocode":"HNPCA","status":"RQ","function":"1-------","outflows":75387.0,"outflows_confidence":"STATISTICAL","grid_cell":[147,188],"snap_km":34.77,"routable":true,"confidence":"OBSERVED"},"geometry":{"type":"Point","coordinates":[-85.9667,16.0167]}},{"type":"Feature","properties":{"port_id":"PORT_HNPCR","name":"Puerto Cortés","name_ascii":"Puerto Cortes","country_name":"Honduras","country_iso2":"HN","country_iso3":"HND","unlocode":"HNPCR","status":"AI","function":"1---5---","outflows":1674222.3333919998,"outflows_confidence":"STATISTICAL","grid_cell":[147,184],"snap_km":50.95,"routable":true,"confidence":"OBSERVED"},"geometry":{"type":"Point","coordinates":[-87.9297,15.8256]}},{"type":"Feature","properties":{"port_id":"PORT_HNSLO","name":"San Lorenzo","name_ascii":"San Lorenzo","country_name":"Honduras","country_iso2":"HN","country_iso3":"HND","unlocode":"HNSLO","status":"RQ","function":"1-------","outflows":67860.0,"outflows_confidence":"STATISTICAL","grid_cell":[153,184],"snap_km":38.06,"routable":true,"confidence":"OBSERVED"},"geometry":{"type":"Point","coordinates":[-87.4472,13.4242]}},{"type":"Feature","properties":{"port_id":"PORT_HRPLE","name":"Ploce","name_ascii":"Ploce","country_name":"Croatia","country_iso2":"HR","country_iso3":"HRV","unlocode":"HRPLE","status":"RL","function":"123-----","outflows":136773.0,"outflows_confidence":"STATISTICAL","grid_cell":[94,394],"snap_km":36.55,"routable":true,"confidence":"OBSERVED"},"geometry":{"type":"Point","coordinates":[17.4333,43.05]}},{"type":"Feature","properties":{"port_id":"PORT_HRRJK","name":"Rijeka","name_ascii":"Rijeka","country_name":"Croatia","country_iso2":"HR","country_iso3":"HRV","unlocode":"HRRJK","status":"AI","function":"1234----","outflows":3818455.3333799997,"outflows_confidence":"STATISTICAL","grid_cell":[90,388],"snap_km":65.93,"routable":true,"confidence":"OBSERVED"},"geometry":{"type":"Point","coordinates":[14.4,45.3333]}},{"type":"Feature","properties":{"port_id":"PORT_HRSPU","name":"Split","name_ascii":"Split","country_name":"Croatia","country_iso2":"HR","country_iso3":"HRV","unlocode":"HRSPU","status":"AI","function":"1234----","outflows":63609.0,"outflows_confidence":"STATISTICAL","grid_cell":[93,392],"snap_km":32.16,"routable":true,"confidence":"OBSERVED"},"geometry":{"type":"Point","coordinates":[16.45,43.5]}},{"type":"Feature","properties":{"port_id":"PORT_HTCAP","name":"Cap-Haïtien","name_ascii":"Cap-Haitien","country_name":"Haiti","country_iso2":"HT","country_iso3":"HTI","unlocode":"HTCAP","status":"AI","function":"1--4----","outflows":47268.0,"outflows_confidence":"STATISTICAL","grid_cell":[139,215],"snap_km":55.84,"routable":true,"confidence":"OBSERVED"},"geometry":{"type":"Point","coordinates":[-72.2,19.75]}},{"type":"Feature","properties":{"port_id":"PORT_HTLFF","name":"Lafiteau","name_ascii":"Lafiteau","country_name":"Haiti","country_iso2":"HT","country_iso3":"HTI","unlocode":"HTLFF","status":"AI","function":"1-------","outflows":1098127.3333000003,"outflows_confidence":"STATISTICAL","grid_cell":[142,214],"snap_km":44.64,"routable":true,"confidence":"OBSERVED"},"geometry":{"type":"Point","coordinates":[-72.4333,18.4833]}},{"type":"Feature","properties":{"port_id":"PORT_HTPAP","name":"Port-au-Prince","name_ascii":"Port-au-Prince","country_name":"Haiti","country_iso2":"HT","country_iso3":"HTI","unlocode":"HTPAP","status":"AI","function":"1--45---","outflows":783664.9166400002,"outflows_confidence":"STATISTICAL","grid_cell":[142,214],"snap_km":49.03,"routable":true,"confidence":"OBSERVED"},"geometry":{"type":"Point","coordinates":[-72.3388,18.5435]}},{"type":"Feature","properties":{"port_id":"PORT_IDBDJ","name":"Banjarmasin","name_ascii":"Banjarmasin","country_name":"Indonesia","country_iso2":"ID","country_iso3":"IDN","unlocode":"IDBDJ","status":"AI","function":"1--4----","outflows":17848.0,"outflows_confidence":"STATISTICAL","grid_cell":[187,588],"snap_km":60.97,"routable":true,"confidence":"OBSERVED"},"geometry":{"type":"Point","coordinates":[114.5907,-3.3199]}},{"type":"Feature","properties":{"port_id":"PORT_IDBEN","name":"Benete","name_ascii":"Benete","country_name":"Indonesia","country_iso2":"ID","country_iso3":"IDN","unlocode":"IDBEN","status":"RL","function":"1-------","outflows":12681.75,"outflows_confidence":"STATISTICAL","grid_cell":[198,593],"snap_km":42.78,"routable":true,"confidence":"OBSERVED"},"geometry":{"type":"Point","coordinates":[116.7167,-8.8667]}},{"type":"Feature","properties":{"port_id":"PORT_IDBIT","name":"Bitung, Sulawesi","name_ascii":"Bitung, Sulawesi","country_name":"Indonesia","country_iso2":"ID","country_iso3":"IDN","unlocode":"IDBIT","status":"QQ","function":"1-------","outflows":215154.58334,"outflows_confidence":"STATISTICAL","grid_cell":[177,610],"snap_km":25.15,"routable":true,"confidence":"OBSERVED"},"geometry":{"type":"Point","coordinates":[125.1282,1.4406]}},{"type":"Feature","properties":{"port_id":"PORT_IDBLW","name":"Belawan, Sumatra","name_ascii":"Belawan, Sumatra","country_name":"Indonesia","country_iso2":"ID","country_iso3":"IDN","unlocode":"IDBLW","status":"QQ","function":"1-------","outflows":494328.25003,"outflows_confidence":"STATISTICAL","grid_cell":[171,557],"snap_km":53.28,"routable":true,"confidence":"OBSERVED"},"geometry":{"type":"Point","coordinates":[98.6832,3.7755]}},{"type":"Feature","properties":{"port_id":"PORT_IDBOA","name":"Benoa","name_ascii":"Benoa","country_name":"Indonesia","country_iso2":"ID","country_iso3":"IDN","unlocode":"IDBOA","status":"RL","function":"1-------","outflows":6747.0,"outflows_confidence":"STATISTICAL","grid_cell":[197,590],"snap_km":4.11,"routable":true,"confidence":"OBSERVED"},"geometry":{"type":"Point","coordinates":[115.2167,-8.7667]}},{"type":"Feature","properties":{"port_id":"PORT_IDBPN","name":"Balikpapan","name_ascii":"Balikpapan","country_name":"Indonesia","country_iso2":"ID","country_iso3":"IDN","unlocode":"IDBPN","status":"AI","function":"1--4----","outflows":77320.75,"outflows_confidence":"STATISTICAL","grid_cell":[182,594],"snap_km":46.47,"routable":true,"confidence":"OBSERVED"},"geometry":{"type":"Point","coordinates":[116.8333,-1.2833]}},{"type":"Feature","properties":{"port_id":"PORT_IDBTM","name":"Batam Island","name_ascii":"Batam Island","country_name":"Indonesia","country_iso2":"ID","country_iso3":"IDN","unlocode":"IDBTM","status":"RL","function":"1-3-----","outflows":7335.5,"outflows_confidence":"STATISTICAL","grid_cell":[177,568],"snap_km":30.39,"routable":true,"confidence":"OBSERVED"},"geometry":{"type":"Point","coordinates":[104.0333,1.0833]}},{"type":"Feature","properties":{"port_id":"PORT_IDDJJ","name":"Jayapura, Irian Jaya","name_ascii":"Jayapura, Irian Jaya","country_name":"Indonesia","country_iso2":"ID","country_iso3":"IDN","unlocode":"IDDJJ","status":"AI","function":"1-345---","outflows":136162.0,"outflows_confidence":"STATISTICAL","grid_cell":[184,641],"snap_km":31.99,"routable":true,"confidence":"OBSERVED"},"geometry":{"type":"Point","coordinates":[140.7,-2.5333]}},{"type":"Feature","properties":{"port_id":"PORT_IDGTO","name":"Gorontalo, Sulawesi","name_ascii":"Gorontalo, Sulawesi","country_name":"Indonesia","country_iso2":"ID","country_iso3":"IDN","unlocode":"IDGTO","status":"AI","function":"1--4----","outflows":42718.00001,"outflows_confidence":"STATISTICAL","grid_cell":[182,606],"snap_km":42.1,"routable":true,"confidence":"OBSERVED"},"geometry":{"type":"Point","coordinates":[123.3908,-0.8985]}},{"type":"Feature","properties":{"port_id":"PORT_IDJKT","name":"Jakarta, Java","name_ascii":"Jakarta, Java","country_name":"Indonesia","country_iso2":"ID","country_iso3":"IDN","unlocode":"IDJKT","status":"AI","function":"12345---","outflows":12060454.99297,"outflows_confidence":"STATISTICAL","grid_cell":[191,573],"snap_km":43.61,"routable":true,"confidence":"OBSERVED"},"geometry":{"type":"Point","coordinates":[106.8333,-6.1333]}},{"type":"Feature","properties":{"port_id":"PORT_IDKDI","name":"Kendari, Sulawesi","name_ascii":"Kendari, Sulawesi","country_name":"Indonesia","country_iso2":"ID","country_iso3":"IDN","unlocode":"IDKDI","status":"AI","function":"1--4----","outflows":7988.5,"outflows_confidence":"STATISTICAL","grid_cell":[187,605],"snap_km":36.34,"routable":true,"confidence":"OBSERVED"},"geometry":{"type":"Point","coordinates":[122.5151,-3.9778]}},{"type":"Feature","properties":{"port_id":"PORT_IDKUM","name":"Kumai","name_ascii":"Kumai","country_name":"Indonesia","country_iso2":"ID","country_iso3":"IDN","unlocode":"IDKUM","status":"RL","function":"1-3-----","outflows":4238.0,"outflows_confidence":"STATISTICAL","grid_cell":[186,583],"snap_km":57.57,"routable":true,"confidence":"OBSERVED"},"geometry":{"type":"Point","coordinates":[111.7167,-2.7333]}},{"type":"Feature","properties":{"port_id":"PORT_IDLUW","name":"Luwuk","name_ascii":"Luwuk","country_name":"Indonesia","country_iso2":"ID","country_iso3":"IDN","unlocode":"IDLUW","status":"AI","function":"1--4----","outflows":720.0,"outflows_confidence":"STATISTICAL","grid_cell":[181,605],"snap_km":22.8,"routable":true,"confidence":"OBSERVED"},"geometry":{"type":"Point","coordinates":[122.7875,-0.9516]}},{"type":"Feature","properties":{"port_id":"PORT_IDMAK","name":"Makassar","name_ascii":"Makassar","country_name":"Indonesia","country_iso2":"ID","country_iso3":"IDN","unlocode":"IDMAK","status":"RL","function":"1-3-----","outflows":664450.0,"outflows_confidence":"STATISTICAL","grid_cell":[190,598],"snap_km":22.27,"routable":true,"confidence":"OBSERVED"},"geometry":{"type":"Point","coordinates":[119.4,-5.1167]}},{"type":"Feature","properties":{"port_id":"PORT_IDMES","name":"Medan, Sumatra","name_ascii":"Medan, Sumatra","country_name":"Indonesia","country_iso2":"ID","country_iso3":"IDN","unlocode":"IDMES","status":"AI","function":"1--45---","outflows":45136.0,"outflows_confidence":"STATISTICAL","grid_cell":[172,558],"snap_km":67.33,"routable":true,"confidence":"OBSERVED"},"geometry":{"type":"Point","coordinates":[98.6667,3.5833]}},{"type":"Feature","properties":{"port_id":"PORT_IDPDG","name":"Padang","name_ascii":"Padang","country_name":"Indonesia","country_iso2":"ID","country_iso3":"IDN","unlocode":"IDPDG","status":"AI","function":"1234----","outflows":74470.25,"outflows_confidence":"STATISTICAL","grid_cell":[182,560],"snap_km":35.16,"routable":true,"confidence":"OBSERVED"},"geometry":{"type":"Point","coordinates":[100.35,-0.95]}},{"type":"Feature","properties":{"port_id":"PORT_IDPER","name":"Perawang","name_ascii":"Perawang","country_name":"Indonesia","country_iso2":"ID","country_iso3":"IDN","unlocode":"IDPER","status":"RL","function":"1-3-----","outflows":3627.0,"outflows_confidence":"STATISTICAL","grid_cell":[177,565],"snap_km":24.16,"routable":true,"confidence":"OBSERVED"},"geometry":{"type":"Point","coordinates":[102.8667,1.0667]}},{"type":"Feature","properties":{"port_id":"PORT_IDPLM","name":"Palembang, Sumatra","name_ascii":"Palembang, Sumatra","country_name":"Indonesia","country_iso2":"ID","country_iso3":"IDN","unlocode":"IDPLM","status":"AI","function":"1--4----","outflows":106646.75,"outflows_confidence":"STATISTICAL","grid_cell":[184,570],"snap_km":92.91,"routable":true,"confidence":"OBSERVED"},"geometry":{"type":"Point","coordinates":[104.7458,-2.9167]}},{"type":"Feature","properties":{"port_id":"PORT_IDPNJ","name":"Panjang","name_ascii":"Panjang","country_name":"Indonesia","country_iso2":"ID","country_iso3":"IDN","unlocode":"IDPNJ","status":"RQ","function":"1-------","outflows":1532041.4998899996,"outflows_confidence":"STATISTICAL","grid_cell":[180,559],"snap_km":114.96,"routable":true,"confidence":"OBSERVED"},"geometry":{"type":"Point","coordinates":[100.6199,0.3087]}},{"type":"Feature","properties":{"port_id":"PORT_IDPNK","name":"Pontianak, Kalimantan","name_ascii":"Pontianak, Kalimantan","country_name":"Indonesia","country_iso2":"ID","country_iso3":"IDN","unlocode":"IDPNK","status":"AI","function":"1--45---","outflows":35776.0,"outflows_confidence":"STATISTICAL","grid_cell":[180,577],"snap_km":68.38,"routable":true,"confidence":"OBSERVED"},"geometry":{"type":"Point","coordinates":[109.325,-0.0319]}},{"type":"Feature","properties":{"port_id":"PORT_IDSOQ","name":"Sorong","name_ascii":"Sorong","country_name":"Indonesia","country_iso2":"ID","country_iso3":"IDN","unlocode":"IDSOQ","status":"AI","function":"1--4----","outflows":125268.0,"outflows_confidence":"STATISTICAL","grid_cell":[181,622],"snap_km":14.46,"routable":true,"confidence":"OBSERVED"},"geometry":{"type":"Point","coordinates":[131.261,-0.8796]}},{"type":"Feature","properties":{"port_id":"PORT_IDSRG","name":"Semarang","name_ascii":"Semarang","country_name":"Indonesia","country_iso2":"ID","country_iso3":"IDN","unlocode":"IDSRG","status":"AI","function":"1-345---","outflows":2529727.4165999996,"outflows_confidence":"STATISTICAL","grid_cell":[193,580],"snap_km":35.27,"routable":true,"confidence":"OBSERVED"},"geometry":{"type":"Point","coordinates":[110.4833,-6.9667]}},{"type":"Feature","properties":{"port_id":"PORT_IDSRI","name":"Samarinda, Kalimantan","name_ascii":"Samarinda, Kalimantan","country_name":"Indonesia","country_iso2":"ID","country_iso3":"IDN","unlocode":"IDSRI","status":"AI","function":"1--4----","outflows":34320.0,"outflows_confidence":"STATISTICAL","grid_cell":[180,595],"snap_km":72.35,"routable":true,"confidence":"OBSERVED"},"geometry":{"type":"Point","coordinates":[117.1458,-0.4917]}},{"type":"Feature","properties":{"port_id":"PORT_IDSUB","name":"Surabaya","name_ascii":"Surabaya","country_name":"Indonesia","country_iso2":"ID","country_iso3":"IDN","unlocode":"IDSUB","status":"AI","function":"123456--","outflows":5004081.142750002,"outflows_confidence":"STATISTICAL","grid_cell":[193,585],"snap_km":53.74,"routable":true,"confidence":"OBSERVED"},"geometry":{"type":"Point","coordinates":[112.75,-7.2333]}},{"type":"Feature","properties":{"port_id":"PORT_IDTLI","name":"Tolitoli","name_ascii":"Tolitoli","country_name":"Indonesia","country_iso2":"ID","country_iso3":"IDN","unlocode":"IDTLI","status":"AI","function":"1--4----","outflows":3328.0,"outflows_confidence":"STATISTICAL","grid_cell":[177,601],"snap_km":46.52,"routable":true,"confidence":"OBSERVED"},"geometry":{"type":"Point","coordinates":[121.1679,1.2718]}},{"type":"Feature","properties":{"port_id":"PORT_IDTMK","name":"Timika","name_ascii":"Timika","country_name":"Indonesia","country_iso2":"ID","country_iso3":"IDN","unlocode":"IDTMK","status":"RQ","function":"1-------","outflows":3240.0,"outflows_confidence":"STATISTICAL","grid_cell":[189,632],"snap_km":33.24,"routable":true,"confidence":"OBSERVED"},"geometry":{"type":"Point","coordinates":[136.55,-4.75]}},{"type":"Feature","properties":{"port_id":"PORT_IDTNJ","name":"Tanjungpinang","name_ascii":"Tanjungpinang","country_name":"Indonesia","country_iso2":"ID","country_iso3":"IDN","unlocode":"IDTNJ","status":"AI","function":"1--4----","outflows":3068.0,"outflows_confidence":"STATISTICAL","grid_cell":[178,568],"snap_km":28.95,"routable":true,"confidence":"OBSERVED"},"geometry":{"type":"Point","coordinates":[104.45,0.9167]}},{"type":"Feature","properties":{"port_id":"PORT_IDTRK","name":"Tarakan, Kalimantan","name_ascii":"Tarakan, Kalimantan","country_name":"Indonesia","country_iso2":"ID","country_iso3":"IDN","unlocode":"IDTRK","status":"QQ","function":"1-------","outflows":5213.0,"outflows_confidence":"STATISTICAL","grid_cell":[173,595],"snap_km":18.95,"routable":true,"confidence":"OBSERVED"},"geometry":{"type":"Point","coordinates":[117.5915,3.3133]}},{"type":"Feature","properties":{"port_id":"PORT_IDTUA","name":"Tual","name_ascii":"Tual","country_name":"Indonesia","country_iso2":"ID","country_iso3":"IDN","unlocode":"IDTUA","status":"RQ","function":"1-------","outflows":12207.0,"outflows_confidence":"STATISTICAL","grid_cell":[191,625],"snap_km":13.1,"routable":true,"confidence":"OBSERVED"},"geometry":{"type":"Point","coordinates":[132.7333,-5.6333]}},{"type":"Feature","properties":{"port_id":"PORT_IEDUB","name":"Dublin","name_ascii":"Dublin","country_name":"Ireland","country_iso2":"IE","country_iso3":"IRL","unlocode":"IEDUB","status":"AF","function":"12-45---","outflows":453417.25,"outflows_confidence":"STATISTICAL","grid_cell":[73,348],"snap_km":34.42,"routable":true,"confidence":"OBSERVED"},"geometry":{"type":"Point","coordinates":[-6.2489,53.3331]}},{"type":"Feature","properties":{"port_id":"PORT_IEORK","name":"Cork","name_ascii":"Cork","country_name":"Ireland","country_iso2":"IE","country_iso3":"IRL","unlocode":"IEORK","status":"AF","function":"1--45---","outflows":316459.0,"outflows_confidence":"STATISTICAL","grid_cell":[76,343],"snap_km":22.37,"routable":true,"confidence":"OBSERVED"},"geometry":{"type":"Point","coordinates":[-8.4706,51.898]}},{"type":"Feature","properties":{"port_id":"PORT_IEWAT","name":"Waterford","name_ascii":"Waterford","country_name":"Ireland","country_iso2":"IE","country_iso3":"IRL","unlocode":"IEWAT","status":"AF","function":"1-345---","outflows":86515.0,"outflows_confidence":"STATISTICAL","grid_cell":[76,345],"snap_km":56.54,"routable":true,"confidence":"OBSERVED"},"geometry":{"type":"Point","coordinates":[-7.1,52.25]}},{"type":"Feature","properties":{"port_id":"PORT_ILASH","name":"Ashdod","name_ascii":"Ashdod","country_name":"Israel","country_iso2":"IL","country_iso3":"ISR","unlocode":"ILASH","status":"QQ","function":"1-------","outflows":5463055.083080001,"outflows_confidence":"STATISTICAL","grid_cell":[116,428],"snap_km":38.07,"routable":true,"confidence":"OBSERVED"},"geometry":{"type":"Point","coordinates":[34.6497,31.7921]}},{"type":"Feature","properties":{"port_id":"PORT_ILHFA","name":"Haifa","name_ascii":"Haifa","country_name":"Israel","country_iso2":"IL","country_iso3":"ISR","unlocode":"ILHFA","status":"AI","function":"1--45---","outflows":8470527.068129998,"outflows_confidence":"STATISTICAL","grid_cell":[114,429],"snap_km":22.51,"routable":true,"confidence":"OBSERVED"},"geometry":{"type":"Point","coordinates":[34.9833,32.8]}},{"type":"Feature","properties":{"port_id":"PORT_INBOM","name":"Mumbai (ex Bombay)","name_ascii":"Mumbai (ex Bombay)","country_name":"India","country_iso2":"IN","country_iso3":"IND","unlocode":"INBOM","status":"AA","function":"123456--","outflows":126915.25,"outflows_confidence":"STATISTICAL","grid_cell":[142,505],"snap_km":25.09,"routable":true,"confidence":"OBSERVED"},"geometry":{"type":"Point","coordinates":[72.8167,18.9667]}},{"type":"Feature","properties":{"port_id":"PORT_INCCU","name":"Kolkata (ex Calcutta)","name_ascii":"Kolkata (ex Calcutta)","country_name":"India","country_iso2":"IN","country_iso3":"IND","unlocode":"INCCU","status":"AA","function":"1--45---","outflows":303853.53334,"outflows_confidence":"STATISTICAL","grid_cell":[136,538],"snap_km":129.76,"routable":true,"confidence":"OBSERVED"},"geometry":{"type":"Point","coordinates":[88.35,22.5667]}},{"type":"Feature","properties":{"port_id":"PORT_INCOK","name":"Cochin","name_ascii":"Cochin","country_name":"India","country_iso2":"IN","country_iso3":"IND","unlocode":"INCOK","status":"AA","function":"1234-6--","outflows":2453568.08328,"outflows_confidence":"STATISTICAL","grid_cell":[160,512],"snap_km":24.16,"routable":true,"confidence":"OBSERVED"},"geometry":{"type":"Point","coordinates":[76.2333,9.9667]}},{"type":"Feature","properties":{"port_id":"PORT_INENR","name":"Ennore","name_ascii":"Ennore","country_name":"India","country_iso2":"IN","country_iso3":"IND","unlocode":"INENR","status":"AA","function":"1-------","outflows":263657.33332,"outflows_confidence":"STATISTICAL","grid_cell":[153,521],"snap_km":45.64,"routable":true,"confidence":"OBSERVED"},"geometry":{"type":"Point","coordinates":[80.3284,13.2475]}},{"type":"Feature","properties":{"port_id":"PORT_INHAL","name":"Haldia","name_ascii":"Haldia","country_name":"India","country_iso2":"IN","country_iso3":"IND","unlocode":"INHAL","status":"AA","function":"1-------","outflows":182909.25,"outflows_confidence":"STATISTICAL","grid_cell":[137,536],"snap_km":91.28,"routable":true,"confidence":"OBSERVED"},"geometry":{"type":"Point","coordinates":[88.1098,22.0605]}},{"type":"Feature","properties":{"port_id":"PORT_INHZR","name":"Hazira","name_ascii":"Hazira","country_name":"India","country_iso2":"IN","country_iso3":"IND","unlocode":"INHZR","status":"RL","function":"--3--6--","outflows":5911162.58614,"outflows_confidence":"STATISTICAL","grid_cell":[138,505],"snap_km":40.7,"routable":true,"confidence":"OBSERVED"},"geometry":{"type":"Point","coordinates":[72.6234,21.0964]}},{"type":"Feature","properties":{"port_id":"PORT_INIXE","name":"Mangalore","name_ascii":"Mangalore","country_name":"India","country_iso2":"IN","country_iso3":"IND","unlocode":"INIXE","status":"AA","function":"1--4----","outflows":139500.0,"outflows_confidence":"STATISTICAL","grid_cell":[154,509],"snap_km":21.86,"routable":true,"confidence":"OBSERVED"},"geometry":{"type":"Point","coordinates":[74.856,12.9172]}},{"type":"Feature","properties":{"port_id":"PORT_INIXY","name":"Kandla","name_ascii":"Kandla","country_name":"India","country_iso2":"IN","country_iso3":"IND","unlocode":"INIXY","status":"AA","function":"1234-6--","outflows":817280.5,"outflows_confidence":"STATISTICAL","grid_cell":[134,499],"snap_km":57.25,"routable":true,"confidence":"OBSERVED"},"geometry":{"type":"Point","coordinates":[70.2167,23.0333]}},{"type":"Feature","properties":{"port_id":"PORT_INIXZ","name":"Port Blair","name_ascii":"Port Blair","country_name":"India","country_iso2":"IN","country_iso3":"IND","unlocode":"INIXZ","status":"AA","function":"1--4----","outflows":14150.5,"outflows_confidence":"STATISTICAL","grid_cell":[156,545],"snap_km":9.33,"routable":true,"confidence":"OBSERVED"},"geometry":{"type":"Point","coordinates":[92.7464,11.6661]}},{"type":"Feature","properties":{"port_id":"PORT_INKRI","name":"Krishnapatnam","name_ascii":"Krishnapatnam","country_name":"India","country_iso2":"IN","country_iso3":"IND","unlocode":"INKRI","status":"AA","function":"1-------","outflows":2290663.6664799997,"outflows_confidence":"STATISTICAL","grid_cell":[151,520],"snap_km":14.26,"routable":true,"confidence":"OBSERVED"},"geometry":{"type":"Point","coordinates":[80.1239,14.2887]}},{"type":"Feature","properties":{"port_id":"PORT_INKTP","name":"Kattupalli Port","name_ascii":"Kattupalli Port","country_name":"India","country_iso2":"IN","country_iso3":"IND","unlocode":"INKTP","status":"RL","function":"123-----","outflows":1964901.8999300003,"outflows_confidence":"STATISTICAL","grid_cell":[153,521],"snap_km":40.07,"routable":true,"confidence":"OBSERVED"},"geometry":{"type":"Point","coordinates":[80.3833,13.3]}},{"type":"Feature","properties":{"port_id":"PORT_INMAA","name":"Chennai (ex Madras)","name_ascii":"Chennai (ex Madras)","country_name":"India","country_iso2":"IN","country_iso3":"IND","unlocode":"INMAA","status":"AA","function":"12345---","outflows":2818763.316799999,"outflows_confidence":"STATISTICAL","grid_cell":[154,520],"snap_km":37.24,"routable":true,"confidence":"OBSERVED"},"geometry":{"type":"Point","coordinates":[80.2833,13.0833]}},{"type":"Feature","properties":{"port_id":"PORT_INMRM","name":"Marmagao (Marmugao)","name_ascii":"Marmagao (Marmugao)","country_name":"India","country_iso2":"IN","country_iso3":"IND","unlocode":"INMRM","status":"AA","function":"123-----","outflows":100178.0,"outflows_confidence":"STATISTICAL","grid_cell":[149,507],"snap_km":17.06,"routable":true,"confidence":"OBSERVED"},"geometry":{"type":"Point","coordinates":[73.7833,15.4]}},{"type":"Feature","properties":{"port_id":"PORT_INMUN","name":"Mundra","name_ascii":"Mundra","country_name":"India","country_iso2":"IN","country_iso3":"IND","unlocode":"INMUN","status":"AA","function":"1-------","outflows":19811914.337299995,"outflows_confidence":"STATISTICAL","grid_cell":[134,499],"snap_km":10.33,"routable":true,"confidence":"OBSERVED"},"geometry":{"type":"Point","coordinates":[69.7219,22.8392]}},{"type":"Feature","properties":{"port_id":"PORT_INPAV","name":"Pipavav (Victor) Port","name_ascii":"Pipavav (Victor) Port","country_name":"India","country_iso2":"IN","country_iso3":"IND","unlocode":"INPAV","status":"AA","function":"123-----","outflows":6333654.363870003,"outflows_confidence":"STATISTICAL","grid_cell":[138,503],"snap_km":31.82,"routable":true,"confidence":"OBSERVED"},"geometry":{"type":"Point","coordinates":[71.55,20.9667]}},{"type":"Feature","properties":{"port_id":"PORT_INPRT","name":"Paradip Garh","name_ascii":"Paradip Garh","country_name":"India","country_iso2":"IN","country_iso3":"IND","unlocode":"INPRT","status":"AA","function":"123-----","outflows":28080.0,"outflows_confidence":"STATISTICAL","grid_cell":[139,533],"snap_km":15.76,"routable":true,"confidence":"OBSERVED"},"geometry":{"type":"Point","coordinates":[86.6167,20.3167]}},{"type":"Feature","properties":{"port_id":"PORT_INTUT","name":"Tuticorin","name_ascii":"Tuticorin","country_name":"India","country_iso2":"IN","country_iso3":"IND","unlocode":"INTUT","status":"AA","function":"123--6--","outflows":1224891.0,"outflows_confidence":"STATISTICAL","grid_cell":[162,516],"snap_km":13.35,"routable":true,"confidence":"OBSERVED"},"geometry":{"type":"Point","coordinates":[78.1333,8.7833]}},{"type":"Feature","properties":{"port_id":"PORT_INVTZ","name":"Visakhapatnam","name_ascii":"Visakhapatnam","country_name":"India","country_iso2":"IN","country_iso3":"IND","unlocode":"INVTZ","status":"AA","function":"1234-6--","outflows":2172514.4999899995,"outflows_confidence":"STATISTICAL","grid_cell":[144,527],"snap_km":47.99,"routable":true,"confidence":"OBSERVED"},"geometry":{"type":"Point","coordinates":[83.3,17.7]}},{"type":"Feature","properties":{"port_id":"PORT_IQALF","name":"Abu Al Fulus","name_ascii":"Abu Al Fulus","country_name":"Iraq","country_iso2":"IQ","country_iso3":"IRQ","unlocode":"IQALF","status":"RQ","function":"1-------","outflows":14131.0,"outflows_confidence":"STATISTICAL","grid_cell":[120,456],"snap_km":80.12,"routable":true,"confidence":"OBSERVED"},"geometry":{"type":"Point","coordinates":[48.0425,30.4478]}},{"type":"Feature","properties":{"port_id":"PORT_IQBSR","name":"Basra","name_ascii":"Basra","country_name":"Iraq","country_iso2":"IQ","country_iso3":"IRQ","unlocode":"IQBSR","status":"AI","function":"1-------","outflows":7524.0,"outflows_confidence":"STATISTICAL","grid_cell":[120,456],"snap_km":95.67,"routable":true,"confidence":"OBSERVED"},"geometry":{"type":"Point","coordinates":[47.7804,30.5085]}},{"type":"Feature","properties":{"port_id":"PORT_IQUQR","name":"Umm Qasr Port","name_ascii":"Umm Qasr Port","country_name":"Iraq","country_iso2":"IQ","country_iso3":"IRQ","unlocode":"IQUQR","status":"RL","function":"123-----","outflows":3640547.5715799998,"outflows_confidence":"STATISTICAL","grid_cell":[120,456],"snap_km":43.87,"routable":true,"confidence":"OBSERVED"},"geometry":{"type":"Point","coordinates":[47.9333,30.0333]}},{"type":"Feature","properties":{"port_id":"PORT_IRASA","name":"Asaluyeh","name_ascii":"Asaluyeh","country_name":"Iran, Islamic Republic of","country_iso2":"IR","country_iso3":"IRN","unlocode":"IRASA","status":"RL","function":"1-3-----","outflows":3060.0,"outflows_confidence":"STATISTICAL","grid_cell":[125,465],"snap_km":28.28,"routable":true,"confidence":"OBSERVED"},"geometry":{"type":"Point","coordinates":[52.6,27.4667]}},{"type":"Feature","properties":{"port_id":"PORT_IRBKM","name":"Bandar Khomeini","name_ascii":"Bandar Khomeini","country_name":"Iran, Islamic Republic of","country_iso2":"IR","country_iso3":"IRN","unlocode":"IRBKM","status":"RL","function":"1-34----","outflows":85644.0,"outflows_confidence":"STATISTICAL","grid_cell":[119,458],"snap_km":24.96,"routable":true,"confidence":"OBSERVED"},"geometry":{"type":"Point","coordinates":[49.1,30.4333]}},{"type":"Feature","properties":{"port_id":"PORT_IRBND","name":"Bandar Abbas","name_ascii":"Bandar Abbas","country_name":"Iran, Islamic Republic of","country_iso2":"IR","country_iso3":"IRN","unlocode":"IRBND","status":"AI","function":"1--4----","outflows":1154182.75,"outflows_confidence":"STATISTICAL","grid_cell":[126,472],"snap_km":48.21,"routable":true,"confidence":"OBSERVED"},"geometry":{"type":"Point","coordinates":[56.2667,27.1833]}},{"type":"Feature","properties":{"port_id":"PORT_IRBUZ","name":"Bushehr","name_ascii":"Bushehr","country_name":"Iran, Islamic Republic of","country_iso2":"IR","country_iso3":"IRN","unlocode":"IRBUZ","status":"AI","function":"1-34----","outflows":85644.0,"outflows_confidence":"STATISTICAL","grid_cell":[122,461],"snap_km":25.42,"routable":true,"confidence":"OBSERVED"},"geometry":{"type":"Point","coordinates":[50.8333,28.9667]}},{"type":"Feature","properties":{"port_id":"PORT_ISGRF","name":"Grundarfjørdur","name_ascii":"Grundarfjordur","country_name":"Iceland","country_iso2":"IS","country_iso3":"ISL","unlocode":"ISGRF","status":"AC","function":"1-------","outflows":280000.5,"outflows_confidence":"STATISTICAL","grid_cell":[50,313],"snap_km":19.39,"routable":true,"confidence":"OBSERVED"},"geometry":{"type":"Point","coordinates":[-23.2631,64.9243]}},{"type":"Feature","properties":{"port_id":"PORT_ISREY","name":"Reykjavík","name_ascii":"Reykjavik","country_name":"Iceland","country_iso2":"IS","country_iso3":"ISL","unlocode":"ISREY","status":"AC","function":"1-------","outflows":327138.50000099995,"outflows_confidence":"STATISTICAL","grid_cell":[51,315],"snap_km":18.29,"routable":true,"confidence":"OBSERVED"},"geometry":{"type":"Point","coordinates":[-21.95,64.15]}},{"type":"Feature","properties":{"port_id":"PORT_ISRFJ","name":"Reydarfjørdur","name_ascii":"Reydarfjordur","country_name":"Iceland","country_iso2":"IS","country_iso3":"ISL","unlocode":"ISRFJ","status":"AC","function":"1-------","outflows":157748.5,"outflows_confidence":"STATISTICAL","grid_cell":[50,332],"snap_km":38.33,"routable":true,"confidence":"OBSERVED"},"geometry":{"type":"Point","coordinates":[-14.2183,65.0316]}},{"type":"Feature","properties":{"port_id":"PORT_ITAOI","name":"Ancona","name_ascii":"Ancona","country_name":"Italy","country_iso2":"IT","country_iso3":"ITA","unlocode":"ITAOI","status":"AI","function":"1-34----","outflows":1251219.66666,"outflows_confidence":"STATISTICAL","grid_cell":[92,387],"snap_km":23.92,"routable":true,"confidence":"OBSERVED"},"geometry":{"type":"Point","coordinates":[13.5,43.6333]}},{"type":"Feature","properties":{"port_id":"PORT_ITBRI","name":"Bari","name_ascii":"Bari","country_name":"Italy","country_iso2":"IT","country_iso3":"ITA","unlocode":"ITBRI","status":"AI","function":"1-34----","outflows":123851.0,"outflows_confidence":"STATISTICAL","grid_cell":[97,393],"snap_km":15.44,"routable":true,"confidence":"OBSERVED"},"geometry":{"type":"Point","coordinates":[16.85,41.1333]}},{"type":"Feature","properties":{"port_id":"PORT_ITCAG","name":"Cagliari","name_ascii":"Cagliari","country_name":"Italy","country_iso2":"IT","country_iso3":"ITA","unlocode":"ITCAG","status":"AI","function":"1-34----","outflows":61347.0,"outflows_confidence":"STATISTICAL","grid_cell":[102,378],"snap_km":53.16,"routable":true,"confidence":"OBSERVED"},"geometry":{"type":"Point","coordinates":[9.1167,39.2167]}},{"type":"Feature","properties":{"port_id":"PORT_ITCTA","name":"Catania","name_ascii":"Catania","country_name":"Italy","country_iso2":"IT","country_iso3":"ITA","unlocode":"ITCTA","status":"AI","function":"1-------","outflows":112515.0,"outflows_confidence":"STATISTICAL","grid_cell":[105,390],"snap_km":30.8,"routable":true,"confidence":"OBSERVED"},"geometry":{"type":"Point","coordinates":[15.1,37.5]}},{"type":"Feature","properties":{"port_id":"PORT_ITCVV","name":"Civitavecchia","name_ascii":"Civitavecchia","country_name":"Italy","country_iso2":"IT","country_iso3":"ITA","unlocode":"ITCVV","status":"AI","function":"1-------","outflows":2179445.6662,"outflows_confidence":"STATISTICAL","grid_cell":[96,383],"snap_km":39.14,"routable":true,"confidence":"OBSERVED"},"geometry":{"type":"Point","coordinates":[11.8,42.1]}},{"type":"Feature","properties":{"port_id":"PORT_ITGIT","name":"Gioia Tauro","name_ascii":"Gioia Tauro","country_name":"Italy","country_iso2":"IT","country_iso3":"ITA","unlocode":"ITGIT","status":"AI","function":"1-------","outflows":16628557.647730002,"outflows_confidence":"STATISTICAL","grid_cell":[102,391],"snap_km":39.29,"routable":true,"confidence":"OBSERVED"},"geometry":{"type":"Point","coordinates":[15.9,38.4167]}},{"type":"Feature","properties":{"port_id":"PORT_ITGOA","name":"Genova","name_ascii":"Genova","country_name":"Italy","country_iso2":"IT","country_iso3":"ITA","unlocode":"ITGOA","status":"AI","function":"12345---","outflows":23896971.132049996,"outflows_confidence":"STATISTICAL","grid_cell":[91,377],"snap_km":24.42,"routable":true,"confidence":"OBSERVED"},"geometry":{"type":"Point","coordinates":[8.95,44.4167]}},{"type":"Feature","properties":{"port_id":"PORT_ITLIV","name":"Livorno","name_ascii":"Livorno","country_name":"Italy","country_iso2":"IT","country_iso3":"ITA","unlocode":"ITLIV","status":"AI","function":"1-------","outflows":8253720.2853500005,"outflows_confidence":"STATISTICAL","grid_cell":[92,380],"snap_km":22.88,"routable":true,"confidence":"OBSERVED"},"geometry":{"type":"Point","coordinates":[10.3167,43.55]}},{"type":"Feature","properties":{"port_id":"PORT_ITMDC","name":"Marina di Carrara","name_ascii":"Marina di Carrara","country_name":"Italy","country_iso2":"IT","country_iso3":"ITA","unlocode":"ITMDC","status":"AI","function":"1-------","outflows":164793.0,"outflows_confidence":"STATISTICAL","grid_cell":[92,380],"snap_km":36.16,"routable":true,"confidence":"OBSERVED"},"geometry":{"type":"Point","coordinates":[10.0414,44.0384]}},{"type":"Feature","properties":{"port_id":"PORT_ITMNF","name":"Monfalcone","name_ascii":"Monfalcone","country_name":"Italy","country_iso2":"IT","country_iso3":"ITA","unlocode":"ITMNF","status":"AI","function":"1-------","outflows":23587.5,"outflows_confidence":"STATISTICAL","grid_cell":[89,386],"snap_km":65.49,"routable":true,"confidence":"OBSERVED"},"geometry":{"type":"Point","coordinates":[13.5329,45.8046]}},{"type":"Feature","properties":{"port_id":"PORT_ITNAP","name":"Napoli","name_ascii":"Napoli","country_name":"Italy","country_iso2":"IT","country_iso3":"ITA","unlocode":"ITNAP","status":"AI","function":"1234----","outflows":4010591.4281000006,"outflows_confidence":"STATISTICAL","grid_cell":[98,388],"snap_km":9.27,"routable":true,"confidence":"OBSERVED"},"geometry":{"type":"Point","coordinates":[14.25,40.8333]}},{"type":"Feature","properties":{"port_id":"PORT_ITOLB","name":"Olbia","name_ascii":"Olbia","country_name":"Italy","country_iso2":"IT","country_iso3":"ITA","unlocode":"ITOLB","status":"RL","function":"1234----","outflows":11076.0,"outflows_confidence":"STATISTICAL","grid_cell":[98,379],"snap_km":27.0,"routable":true,"confidence":"OBSERVED"},"geometry":{"type":"Point","coordinates":[9.5167,40.9167]}},{"type":"Feature","properties":{"port_id":"PORT_ITPMO","name":"Palermo","name_ascii":"Palermo","country_name":"Italy","country_iso2":"IT","country_iso3":"ITA","unlocode":"ITPMO","status":"AI","function":"1--4----","outflows":35997.0,"outflows_confidence":"STATISTICAL","grid_cell":[103,386],"snap_km":17.99,"routable":true,"confidence":"OBSERVED"},"geometry":{"type":"Point","coordinates":[13.3667,38.1167]}},{"type":"Feature","properties":{"port_id":"PORT_ITPOZ","name":"Pozzuoli","name_ascii":"Pozzuoli","country_name":"Italy","country_iso2":"IT","country_iso3":"ITA","unlocode":"ITPOZ","status":"AI","function":"1-------","outflows":42042.0,"outflows_confidence":"STATISTICAL","grid_cell":[98,388],"snap_km":16.7,"routable":true,"confidence":"OBSERVED"},"geometry":{"type":"Point","coordinates":[14.0952,40.8439]}},{"type":"Feature","properties":{"port_id":"PORT_ITRAN","name":"Ravenna","name_ascii":"Ravenna","country_name":"Italy","country_iso2":"IT","country_iso3":"ITA","unlocode":"ITRAN","status":"AI","function":"1-------","outflows":1216610.5,"outflows_confidence":"STATISTICAL","grid_cell":[91,385],"snap_km":47.28,"routable":true,"confidence":"OBSERVED"},"geometry":{"type":"Point","coordinates":[12.2012,44.4134]}},{"type":"Feature","properties":{"port_id":"PORT_ITSAL","name":"Salerno","name_ascii":"Salerno","country_name":"Italy","country_iso2":"IT","country_iso3":"ITA","unlocode":"ITSAL","status":"AI","function":"1-3-----","outflows":2238415.25,"outflows_confidence":"STATISTICAL","grid_cell":[98,388],"snap_km":46.53,"routable":true,"confidence":"OBSERVED"},"geometry":{"type":"Point","coordinates":[14.7933,40.6754]}},{"type":"Feature","properties":{"port_id":"PORT_ITSPE","name":"La Spezia","name_ascii":"La Spezia","country_name":"Italy","country_iso2":"IT","country_iso3":"ITA","unlocode":"ITSPE","status":"AI","function":"1-------","outflows":12785874.433700003,"outflows_confidence":"STATISTICAL","grid_cell":[92,379],"snap_km":41.31,"routable":true,"confidence":"OBSERVED"},"geometry":{"type":"Point","coordinates":[9.8333,44.1167]}},{"type":"Feature","properties":{"port_id":"PORT_ITSVN","name":"Savona","name_ascii":"Savona","country_name":"Italy","country_iso2":"IT","country_iso3":"ITA","unlocode":"ITSVN","status":"AI","function":"123-----","outflows":43661.0,"outflows_confidence":"STATISTICAL","grid_cell":[91,377],"snap_km":20.25,"routable":true,"confidence":"OBSERVED"},"geometry":{"type":"Point","coordinates":[8.5,44.2833]}},{"type":"Feature","properties":{"port_id":"PORT_ITTPS","name":"Trapani","name_ascii":"Trapani","country_name":"Italy","country_iso2":"IT","country_iso3":"ITA","unlocode":"ITTPS","status":"AI","function":"1--4----","outflows":41808.0,"outflows_confidence":"STATISTICAL","grid_cell":[103,384],"snap_km":33.01,"routable":true,"confidence":"OBSERVED"},"geometry":{"type":"Point","coordinates":[12.4833,38.0167]}},{"type":"Feature","properties":{"port_id":"PORT_ITTRS","name":"Trieste","name_ascii":"Trieste","country_name":"Italy","country_iso2":"IT","country_iso3":"ITA","unlocode":"ITTRS","status":"AI","function":"1--4----","outflows":4531748.0,"outflows_confidence":"STATISTICAL","grid_cell":[89,386],"snap_km":60.52,"routable":true,"confidence":"OBSERVED"},"geometry":{"type":"Point","coordinates":[13.7768,45.6495]}},{"type":"Feature","properties":{"port_id":"PORT_ITVCE","name":"Venezia","name_ascii":"Venezia","country_name":"Italy","country_iso2":"IT","country_iso3":"ITA","unlocode":"ITVCE","status":"AI","function":"12345--B","outflows":1408195.66666,"outflows_confidence":"STATISTICAL","grid_cell":[89,385],"snap_km":38.42,"routable":true,"confidence":"OBSERVED"},"geometry":{"type":"Point","coordinates":[12.3333,45.4333]}},{"type":"Feature","properties":{"port_id":"PORT_ITVDL","name":"Vado Ligure","name_ascii":"Vado Ligure","country_name":"Italy","country_iso2":"IT","country_iso3":"ITA","unlocode":"ITVDL","status":"RL","function":"123-----","outflows":1281768.42842,"outflows_confidence":"STATISTICAL","grid_cell":[91,377],"snap_km":23.96,"routable":true,"confidence":"OBSERVED"},"geometry":{"type":"Point","coordinates":[8.45,44.2667]}},{"type":"Feature","properties":{"port_id":"PORT_JMKIN","name":"Kingston","name_ascii":"Kingston","country_name":"Jamaica","country_iso2":"JM","country_iso3":"JAM","unlocode":"JMKIN","status":"AI","function":"1--45---","outflows":8626072.544909995,"outflows_confidence":"STATISTICAL","grid_cell":[144,206],"snap_km":27.85,"routable":true,"confidence":"OBSERVED"},"geometry":{"type":"Point","coordinates":[-76.7936,17.997]}},{"type":"Feature","properties":{"port_id":"PORT_JMMBJ","name":"Montego Bay","name_ascii":"Montego Bay","country_name":"Jamaica","country_iso2":"JM","country_iso3":"JAM","unlocode":"JMMBJ","status":"AI","function":"1--4----","outflows":628021.3333,"outflows_confidence":"STATISTICAL","grid_cell":[142,204],"snap_km":35.75,"routable":true,"confidence":"OBSERVED"},"geometry":{"type":"Point","coordinates":[-77.9188,18.4712]}},{"type":"Feature","properties":{"port_id":"PORT_JOAQJ","name":"Al 'Aqabah","name_ascii":"Al 'Aqabah","country_name":"Jordan","country_iso2":"JO","country_iso3":"JOR","unlocode":"JOAQJ","status":"RL","function":"1--4----","outflows":5019094.23184,"outflows_confidence":"STATISTICAL","grid_cell":[123,429],"snap_km":144.76,"routable":true,"confidence":"OBSERVED"},"geometry":{"type":"Point","coordinates":[35.0,29.5333]}},{"type":"Feature","properties":{"port_id":"PORT_JPABU","name":"Aburatsu","name_ascii":"Aburatsu","country_name":"Japan","country_iso2":"JP","country_iso3":"JPN","unlocode":"JPABU","status":"AF","function":"1-------","outflows":53352.0,"outflows_confidence":"STATISTICAL","grid_cell":[91,648],"snap_km":25.48,"routable":true,"confidence":"OBSERVED"},"geometry":{"type":"Point","coordinates":[144.2697,44.0213]}},{"type":"Feature","properties":{"port_id":"PORT_JPAXT","name":"Akita","name_ascii":"Akita","country_name":"Japan","country_iso2":"JP","country_iso3":"JPN","unlocode":"JPAXT","status":"AF","function":"1--4----","outflows":278377.66667,"outflows_confidence":"STATISTICAL","grid_cell":[100,639],"snap_km":31.57,"routable":true,"confidence":"OBSERVED"},"geometry":{"type":"Point","coordinates":[140.1167,39.7167]}},{"type":"Feature","properties":{"port_id":"PORT_JPCHB","name":"Chiba","name_ascii":"Chiba","country_name":"Japan","country_iso2":"JP","country_iso3":"JPN","unlocode":"JPCHB","status":"AF","function":"1-------","outflows":607568.0,"outflows_confidence":"STATISTICAL","grid_cell":[108,641],"snap_km":59.59,"routable":true,"confidence":"OBSERVED"},"geometry":{"type":"Point","coordinates":[140.1167,35.6]}},{"type":"Feature","properties":{"port_id":"PORT_JPFKY","name":"Fukuyama, Hiroshima","name_ascii":"Fukuyama, Hiroshima","country_name":"Japan","country_iso2":"JP","country_iso3":"JPN","unlocode":"JPFKY","status":"AF","function":"1-------","outflows":508612.0,"outflows_confidence":"STATISTICAL","grid_cell":null,"snap_km":null,"routable":false,"confidence":"OBSERVED"},"geometry":{"type":"Point","coordinates":[133.3667,34.4833]}},{"type":"Feature","properties":{"port_id":"PORT_JPHHE","name":"Hachinohe","name_ascii":"Hachinohe","country_name":"Japan","country_iso2":"JP","country_iso3":"JPN","unlocode":"JPHHE","status":"AF","function":"1--4----","outflows":291243.33335000003,"outflows_confidence":"STATISTICAL","grid_cell":[98,643],"snap_km":34.9,"routable":true,"confidence":"OBSERVED"},"geometry":{"type":"Point","coordinates":[141.5,40.5]}},{"type":"Feature","properties":{"port_id":"PORT_JPHIJ","name":"Hiroshima","name_ascii":"Hiroshima","country_name":"Japan","country_iso2":"JP","country_iso3":"JPN","unlocode":"JPHIJ","status":"AF","function":"1--4----","outflows":658970.0,"outflows_confidence":"STATISTICAL","grid_cell":[112,624],"snap_km":74.59,"routable":true,"confidence":"OBSERVED"},"geometry":{"type":"Point","coordinates":[132.45,34.4]}},{"type":"Feature","properties":{"port_id":"PORT_JPHSM","name":"Hososhima","name_ascii":"Hososhima","country_name":"Japan","country_iso2":"JP","country_iso3":"JPN","unlocode":"JPHSM","status":"AF","function":"1-------","outflows":354289.0,"outflows_confidence":"STATISTICAL","grid_cell":[115,623],"snap_km":21.84,"routable":true,"confidence":"OBSERVED"},"geometry":{"type":"Point","coordinates":[131.6667,32.4333]}},{"type":"Feature","properties":{"port_id":"PORT_JPHTC","name":"Hitachi","name_ascii":"Hitachi","country_name":"Japan","country_iso2":"JP","country_iso3":"JPN","unlocode":"JPHTC","status":"AF","function":"1-------","outflows":110110.0,"outflows_confidence":"STATISTICAL","grid_cell":[106,641],"snap_km":18.91,"routable":true,"confidence":"OBSERVED"},"geometry":{"type":"Point","coordinates":[140.65,36.6]}},{"type":"Feature","properties":{"port_id":"PORT_JPHTD","name":"Hakata","name_ascii":"Hakata","country_name":"Japan","country_iso2":"JP","country_iso3":"JPN","unlocode":"JPHTD","status":"RL","function":"--3-----","outflows":3054288.2499700007,"outflows_confidence":"STATISTICAL","grid_cell":null,"snap_km":null,"routable":false,"confidence":"OBSERVED"},"geometry":{"type":"Point","coordinates":[133.1,34.1833]}},{"type":"Feature","properties":{"port_id":"PORT_JPIMB","name":"Imabari","name_ascii":"Imabari","country_name":"Japan","country_iso2":"JP","country_iso3":"JPN","unlocode":"JPIMB","status":"AF","function":"1-------","outflows":83772.0,"outflows_confidence":"STATISTICAL","grid_cell":null,"snap_km":null,"routable":false,"confidence":"OBSERVED"},"geometry":{"type":"Point","coordinates":[133.0002,34.07]}},{"type":"Feature","properties":{"port_id":"PORT_JPIMI","name":"Imari","name_ascii":"Imari","country_name":"Japan","country_iso2":"JP","country_iso3":"JPN","unlocode":"JPIMI","status":"AF","function":"1-------","outflows":232752.0,"outflows_confidence":"STATISTICAL","grid_cell":[112,619],"snap_km":54.3,"routable":true,"confidence":"OBSERVED"},"geometry":{"type":"Point","coordinates":[129.8788,33.2736]}},{"type":"Feature","properties":{"port_id":"PORT_JPISS","name":"Isa","name_ascii":"Isa","country_name":"Japan","country_iso2":"JP","country_iso3":"JPN","unlocode":"JPISS","status":"AF","function":"--3-----","outflows":362101.99997,"outflows_confidence":"STATISTICAL","grid_cell":[115,619],"snap_km":83.06,"routable":true,"confidence":"OBSERVED"},"geometry":{"type":"Point","coordinates":[130.6,32.05]}},{"type":"Feature","properties":{"port_id":"PORT_JPIWK","name":"Iwakuni","name_ascii":"Iwakuni","country_name":"Japan","country_iso2":"JP","country_iso3":"JPN","unlocode":"JPIWK","status":"AF","function":"1-------","outflows":248404.0,"outflows_confidence":"STATISTICAL","grid_cell":[112,624],"snap_km":46.0,"routable":true,"confidence":"OBSERVED"},"geometry":{"type":"Point","coordinates":[132.22,34.163]}},{"type":"Feature","properties":{"port_id":"PORT_JPKCZ","name":"Kochi","name_ascii":"Kochi","country_name":"Japan","country_iso2":"JP","country_iso3":"JPN","unlocode":"JPKCZ","status":"AF","function":"1--4----","outflows":97578.0,"outflows_confidence":"STATISTICAL","grid_cell":[113,627],"snap_km":38.95,"routable":true,"confidence":"OBSERVED"},"geometry":{"type":"Point","coordinates":[133.5333,33.55]}},{"type":"Feature","properties":{"port_id":"PORT_JPKIJ","name":"Niigata","name_ascii":"Niigata","country_name":"Japan","country_iso2":"JP","country_iso3":"JPN","unlocode":"JPKIJ","status":"AF","function":"1-------","outflows":632488.99997,"outflows_confidence":"STATISTICAL","grid_cell":[104,637],"snap_km":27.11,"routable":true,"confidence":"OBSERVED"},"geometry":{"type":"Point","coordinates":[139.0059,37.8864]}},{"type":"Feature","properties":{"port_id":"PORT_JPKKJ","name":"Kitakyushu","name_ascii":"Kitakyushu","country_name":"Japan","country_iso2":"JP","country_iso3":"JPN","unlocode":"JPKKJ","status":"AF","function":"12345---","outflows":476762.0,"outflows_confidence":"STATISTICAL","grid_cell":[112,622],"snap_km":39.6,"routable":true,"confidence":"OBSERVED"},"geometry":{"type":"Point","coordinates":[130.8333,33.8333]}},{"type":"Feature","properties":{"port_id":"PORT_JPKMJ","name":"Kumamoto","name_ascii":"Kumamoto","country_name":"Japan","country_iso2":"JP","country_iso3":"JPN","unlocode":"JPKMJ","status":"AF","function":"1--4----","outflows":44460.0,"outflows_confidence":"STATISTICAL","grid_cell":[114,620],"snap_km":41.77,"routable":true,"confidence":"OBSERVED"},"geometry":{"type":"Point","coordinates":[130.6918,32.8059]}},{"type":"Feature","properties":{"port_id":"PORT_JPKNZ","name":"Kanazawa","name_ascii":"Kanazawa","country_name":"Japan","country_iso2":"JP","country_iso3":"JPN","unlocode":"JPKNZ","status":"AF","function":"1-------","outflows":500785.99996999995,"outflows_confidence":"STATISTICAL","grid_cell":[106,632],"snap_km":36.71,"routable":true,"confidence":"OBSERVED"},"geometry":{"type":"Point","coordinates":[136.6167,36.6]}},{"type":"Feature","properties":{"port_id":"PORT_JPKSM","name":"Kashima, Ibaraki","name_ascii":"Kashima, Ibaraki","country_name":"Japan","country_iso2":"JP","country_iso3":"JPN","unlocode":"JPKSM","status":"AF","function":"1-------","outflows":103584.0,"outflows_confidence":"STATISTICAL","grid_cell":[108,641],"snap_km":25.76,"routable":true,"confidence":"OBSERVED"},"geometry":{"type":"Point","coordinates":[140.6447,35.9654]}},{"type":"Feature","properties":{"port_id":"PORT_JPKWS","name":"Kawasaki","name_ascii":"Kawasaki","country_name":"Japan","country_iso2":"JP","country_iso3":"JPN","unlocode":"JPKWS","status":"AF","function":"1-------","outflows":1377583.99995,"outflows_confidence":"STATISTICAL","grid_cell":[110,639],"snap_km":85.73,"routable":true,"confidence":"OBSERVED"},"geometry":{"type":"Point","coordinates":[139.7172,35.5206]}},{"type":"Feature","properties":{"port_id":"PORT_JPMAI","name":"Maizuru","name_ascii":"Maizuru","country_name":"Japan","country_iso2":"JP","country_iso3":"JPN","unlocode":"JPMAI","status":"AF","function":"1-------","outflows":113464.0,"outflows_confidence":"STATISTICAL","grid_cell":[108,630],"snap_km":34.2,"routable":true,"confidence":"OBSERVED"},"geometry":{"type":"Point","coordinates":[135.3333,35.45]}},{"type":"Feature","properties":{"port_id":"PORT_JPMII","name":"Miike, Fukuoka","name_ascii":"Miike, Fukuoka","country_name":"Japan","country_iso2":"JP","country_iso3":"JPN","unlocode":"JPMII","status":"AF","function":"1-------","outflows":16640.0,"outflows_confidence":"STATISTICAL","grid_cell":[114,620],"snap_km":39.76,"routable":true,"confidence":"OBSERVED"},"geometry":{"type":"Point","coordinates":[130.4779,33.0521]}},{"type":"Feature","properties":{"port_id":"PORT_JPMIZ","name":"Mizushima","name_ascii":"Mizushima","country_name":"Japan","country_iso2":"JP","country_iso3":"JPN","unlocode":"JPMIZ","status":"AF","function":"1-------","outflows":727415.0,"outflows_confidence":"STATISTICAL","grid_cell":null,"snap_km":null,"routable":false,"confidence":"OBSERVED"},"geometry":{"type":"Point","coordinates":[133.739,34.5298]}},{"type":"Feature","properties":{"port_id":"PORT_JPMJR","name":"Mitajiri","name_ascii":"Mitajiri","country_name":"Japan","country_iso2":"JP","country_iso3":"JPN","unlocode":"JPMJR","status":"AF","function":"123-----","outflows":18720.0,"outflows_confidence":"STATISTICAL","grid_cell":[112,623],"snap_km":35.06,"routable":true,"confidence":"OBSERVED"},"geometry":{"type":"Point","coordinates":[131.5833,34.0333]}},{"type":"Feature","properties":{"port_id":"PORT_JPMOJ","name":"Moji/Kitakyushu","name_ascii":"Moji/Kitakyushu","country_name":"Japan","country_iso2":"JP","country_iso3":"JPN","unlocode":"JPMOJ","status":"AF","function":"123-5---","outflows":2497337.91658,"outflows_confidence":"STATISTICAL","grid_cell":[112,622],"snap_km":31.04,"routable":true,"confidence":"OBSERVED"},"geometry":{"type":"Point","coordinates":[130.9667,33.9]}},{"type":"Feature","properties":{"port_id":"PORT_JPMUR","name":"Muroran","name_ascii":"Muroran","country_name":"Japan","country_iso2":"JP","country_iso3":"JPN","unlocode":"JPMUR","status":"AF","function":"1-------","outflows":115517.99996999998,"outflows_confidence":"STATISTICAL","grid_cell":[95,641],"snap_km":20.96,"routable":true,"confidence":"OBSERVED"},"geometry":{"type":"Point","coordinates":[140.9881,42.3172]}},{"type":"Feature","properties":{"port_id":"PORT_JPMYJ","name":"Matsuyama","name_ascii":"Matsuyama","country_name":"Japan","country_iso2":"JP","country_iso3":"JPN","unlocode":"JPMYJ","status":"AF","function":"1--4----","outflows":213629.0,"outflows_confidence":"STATISTICAL","grid_cell":[112,624],"snap_km":48.68,"routable":true,"confidence":"OBSERVED"},"geometry":{"type":"Point","coordinates":[132.7657,33.8392]}},{"type":"Feature","properties":{"port_id":"PORT_JPNAH","name":"Naha, Okinawa","name_ascii":"Naha, Okinawa","country_name":"Japan","country_iso2":"JP","country_iso3":"JPN","unlocode":"JPNAH","status":"AF","function":"1--45---","outflows":770354.0,"outflows_confidence":"STATISTICAL","grid_cell":[127,615],"snap_km":7.61,"routable":true,"confidence":"OBSERVED"},"geometry":{"type":"Point","coordinates":[127.6833,26.2167]}},{"type":"Feature","properties":{"port_id":"PORT_JPNAO","name":"Naoetsu","name_ascii":"Naoetsu","country_name":"Japan","country_iso2":"JP","country_iso3":"JPN","unlocode":"JPNAO","status":"AF","function":"1-------","outflows":166443.33335,"outflows_confidence":"STATISTICAL","grid_cell":[105,636],"snap_km":7.41,"routable":true,"confidence":"OBSERVED"},"geometry":{"type":"Point","coordinates":[138.25,37.1833]}},{"type":"Feature","properties":{"port_id":"PORT_JPNGO","name":"Nagoya, Aichi","name_ascii":"Nagoya, Aichi","country_name":"Japan","country_iso2":"JP","country_iso3":"JPN","unlocode":"JPNGO","status":"AF","function":"1--45---","outflows":14485316.083789002,"outflows_confidence":"STATISTICAL","grid_cell":[110,633],"snap_km":50.05,"routable":true,"confidence":"OBSERVED"},"geometry":{"type":"Point","coordinates":[136.9064,35.1815]}},{"type":"Feature","properties":{"port_id":"PORT_JPNGS","name":"Nagasaki","name_ascii":"Nagasaki","country_name":"Japan","country_iso2":"JP","country_iso3":"JPN","unlocode":"JPNGS","status":"AF","function":"1--4----","outflows":44460.0,"outflows_confidence":"STATISTICAL","grid_cell":[114,619],"snap_km":12.47,"routable":true,"confidence":"OBSERVED"},"geometry":{"type":"Point","coordinates":[129.8833,32.75]}},{"type":"Feature","properties":{"port_id":"PORT_JPOIT","name":"Oita","name_ascii":"Oita","country_name":"Japan","country_iso2":"JP","country_iso3":"JPN","unlocode":"JPOIT","status":"AF","function":"1--4----","outflows":336869.0,"outflows_confidence":"STATISTICAL","grid_cell":[112,623],"snap_km":59.11,"routable":true,"confidence":"OBSERVED"},"geometry":{"type":"Point","coordinates":[131.6,33.2333]}},{"type":"Feature","properties":{"port_id":"PORT_JPOMZ","name":"Omaezaki","name_ascii":"Omaezaki","country_name":"Japan","country_iso2":"JP","country_iso3":"JPN","unlocode":"JPOMZ","status":"AF","function":"1-------","outflows":642421.0,"outflows_confidence":"STATISTICAL","grid_cell":[110,636],"snap_km":17.04,"routable":true,"confidence":"OBSERVED"},"geometry":{"type":"Point","coordinates":[138.2193,34.5988]}},{"type":"Feature","properties":{"port_id":"PORT_JPONA","name":"Onahama","name_ascii":"Onahama","country_name":"Japan","country_iso2":"JP","country_iso3":"JPN","unlocode":"JPONA","status":"AF","function":"1-------","outflows":204940.6667,"outflows_confidence":"STATISTICAL","grid_cell":[106,641],"snap_km":25.94,"routable":true,"confidence":"OBSERVED"},"geometry":{"type":"Point","coordinates":[140.9,36.95]}},{"type":"Feature","properties":{"port_id":"PORT_JPOSA","name":"Osaka","name_ascii":"Osaka","country_name":"Japan","country_iso2":"JP","country_iso3":"JPN","unlocode":"JPOSA","status":"AF","function":"1--45---","outflows":9088752.833390001,"outflows_confidence":"STATISTICAL","grid_cell":[111,629],"snap_km":82.92,"routable":true,"confidence":"OBSERVED"},"geometry":{"type":"Point","coordinates":[135.5,34.6667]}},{"type":"Feature","properties":{"port_id":"PORT_JPOTK","name":"Otake","name_ascii":"Otake","country_name":"Japan","country_iso2":"JP","country_iso3":"JPN","unlocode":"JPOTK","status":"AF","function":"1-------","outflows":36348.0,"outflows_confidence":"STATISTICAL","grid_cell":[112,624],"snap_km":50.95,"routable":true,"confidence":"OBSERVED"},"geometry":{"type":"Point","coordinates":[132.2206,34.2075]}},{"type":"Feature","properties":{"port_id":"PORT_JPOTR","name":"Otaru","name_ascii":"Otaru","country_name":"Japan","country_iso2":"JP","country_iso3":"JPN","unlocode":"JPOTR","status":"AF","function":"1--4----","outflows":78000.0,"outflows_confidence":"STATISTICAL","grid_cell":[93,642],"snap_km":21.18,"routable":true,"confidence":"OBSERVED"},"geometry":{"type":"Point","coordinates":[141.0022,43.1894]}},{"type":"Feature","properties":{"port_id":"PORT_JPSBS","name":"Shibushi","name_ascii":"Shibushi","country_name":"Japan","country_iso2":"JP","country_iso3":"JPN","unlocode":"JPSBS","status":"AF","function":"1-------","outflows":490971.0,"outflows_confidence":"STATISTICAL","grid_cell":[117,622],"snap_km":28.83,"routable":true,"confidence":"OBSERVED"},"geometry":{"type":"Point","coordinates":[131.1011,31.476]}},{"type":"Feature","properties":{"port_id":"PORT_JPSEN","name":"Satsumasendai","name_ascii":"Satsumasendai","country_name":"Japan","country_iso2":"JP","country_iso3":"JPN","unlocode":"JPSEN","status":"AF","function":"1-------","outflows":1041560.0000199999,"outflows_confidence":"STATISTICAL","grid_cell":[116,619],"snap_km":47.84,"routable":true,"confidence":"OBSERVED"},"geometry":{"type":"Point","coordinates":[130.25,31.8167]}},{"type":"Feature","properties":{"port_id":"PORT_JPSKT","name":"Sakata","name_ascii":"Sakata","country_name":"Japan","country_iso2":"JP","country_iso3":"JPN","unlocode":"JPSKT","status":"AF","function":"1-------","outflows":421338.66667,"outflows_confidence":"STATISTICAL","grid_cell":[101,639],"snap_km":38.16,"routable":true,"confidence":"OBSERVED"},"geometry":{"type":"Point","coordinates":[139.855,38.9167]}},{"type":"Feature","properties":{"port_id":"PORT_JPSMN","name":"Sakaiminato","name_ascii":"Sakaiminato","country_name":"Japan","country_iso2":"JP","country_iso3":"JPN","unlocode":"JPSMN","status":"AF","function":"1-------","outflows":329679.99997,"outflows_confidence":"STATISTICAL","grid_cell":[108,626],"snap_km":23.67,"routable":true,"confidence":"OBSERVED"},"geometry":{"type":"Point","coordinates":[133.2309,35.5377]}},{"type":"Feature","properties":{"port_id":"PORT_JPSMZ","name":"Shimizu","name_ascii":"Shimizu","country_name":"Japan","country_iso2":"JP","country_iso3":"JPN","unlocode":"JPSMZ","status":"AF","function":"1-------","outflows":5351577.999760001,"outflows_confidence":"STATISTICAL","grid_cell":[95,644],"snap_km":98.82,"routable":true,"confidence":"OBSERVED"},"geometry":{"type":"Point","coordinates":[142.8847,43.0061]}},{"type":"Feature","properties":{"port_id":"PORT_JPTAK","name":"Takamatsu","name_ascii":"Takamatsu","country_name":"Japan","country_iso2":"JP","country_iso3":"JPN","unlocode":"JPTAK","status":"AF","function":"1--4----","outflows":188292.0,"outflows_confidence":"STATISTICAL","grid_cell":null,"snap_km":null,"routable":false,"confidence":"OBSERVED"},"geometry":{"type":"Point","coordinates":[134.05,34.3333]}},{"type":"Feature","properties":{"port_id":"PORT_JPTHS","name":"Toyohashi","name_ascii":"Toyohashi","country_name":"Japan","country_iso2":"JP","country_iso3":"JPN","unlocode":"JPTHS","status":"AF","function":"1-------","outflows":181584.0,"outflows_confidence":"STATISTICAL","grid_cell":[110,633],"snap_km":57.89,"routable":true,"confidence":"OBSERVED"},"geometry":{"type":"Point","coordinates":[137.3833,34.7667]}},{"type":"Feature","properties":{"port_id":"PORT_JPTKS","name":"Tokushima","name_ascii":"Tokushima","country_name":"Japan","country_iso2":"JP","country_iso3":"JPN","unlocode":"JPTKS","status":"AF","function":"1--4----","outflows":148044.0,"outflows_confidence":"STATISTICAL","grid_cell":[111,629],"snap_km":26.46,"routable":true,"confidence":"OBSERVED"},"geometry":{"type":"Point","coordinates":[134.5667,34.0667]}},{"type":"Feature","properties":{"port_id":"PORT_JPTKY","name":"Tokuyama","name_ascii":"Tokuyama","country_name":"Japan","country_iso2":"JP","country_iso3":"JPN","unlocode":"JPTKY","status":"AF","function":"1-------","outflows":456888.25,"outflows_confidence":"STATISTICAL","grid_cell":[112,623],"snap_km":33.92,"routable":true,"confidence":"OBSERVED"},"geometry":{"type":"Point","coordinates":[131.8167,34.05]}},{"type":"Feature","properties":{"port_id":"PORT_JPTMK","name":"Tomakomai","name_ascii":"Tomakomai","country_name":"Japan","country_iso2":"JP","country_iso3":"JPN","unlocode":"JPTMK","status":"AF","function":"1--4----","outflows":929244.33332,"outflows_confidence":"STATISTICAL","grid_cell":[95,643],"snap_km":44.68,"routable":true,"confidence":"OBSERVED"},"geometry":{"type":"Point","coordinates":[141.6033,42.6369]}},{"type":"Feature","properties":{"port_id":"PORT_JPTRG","name":"Tsuruga","name_ascii":"Tsuruga","country_name":"Japan","country_iso2":"JP","country_iso3":"JPN","unlocode":"JPTRG","status":"AF","function":"1-------","outflows":121550.0,"outflows_confidence":"STATISTICAL","grid_cell":[108,631],"snap_km":29.96,"routable":true,"confidence":"OBSERVED"},"geometry":{"type":"Point","coordinates":[136.0558,35.6455]}},{"type":"Feature","properties":{"port_id":"PORT_JPTYO","name":"Tokyo","name_ascii":"Tokyo","country_name":"Japan","country_iso2":"JP","country_iso3":"JPN","unlocode":"JPTYO","status":"AF","function":"12345---","outflows":20969567.58289999,"outflows_confidence":"STATISTICAL","grid_cell":[108,641],"snap_km":90.58,"routable":true,"confidence":"OBSERVED"},"geometry":{"type":"Point","coordinates":[139.75,35.6833]}},{"type":"Feature","properties":{"port_id":"PORT_JPUBJ","name":"Ube","name_ascii":"Ube","country_name":"Japan","country_iso2":"JP","country_iso3":"JPN","unlocode":"JPUBJ","status":"AF","function":"1--4----","outflows":22490.0,"outflows_confidence":"STATISTICAL","grid_cell":[112,622],"snap_km":21.47,"routable":true,"confidence":"OBSERVED"},"geometry":{"type":"Point","coordinates":[131.2511,33.9431]}},{"type":"Feature","properties":{"port_id":"PORT_JPUKB","name":"Kobe","name_ascii":"Kobe","country_name":"Japan","country_iso2":"JP","country_iso3":"JPN","unlocode":"JPUKB","status":"AF","function":"12345---","outflows":16494507.892490005,"outflows_confidence":"STATISTICAL","grid_cell":[111,629],"snap_km":61.49,"routable":true,"confidence":"OBSERVED"},"geometry":{"type":"Point","coordinates":[135.1667,34.6833]}},{"type":"Feature","properties":{"port_id":"PORT_JPWAK","name":"Wakayama","name_ascii":"Wakayama","country_name":"Japan","country_iso2":"JP","country_iso3":"JPN","unlocode":"JPWAK","status":"AF","function":"1-------","outflows":63765.0,"outflows_confidence":"STATISTICAL","grid_cell":[111,629],"snap_km":38.35,"routable":true,"confidence":"OBSERVED"},"geometry":{"type":"Point","coordinates":[135.1667,34.2333]}},{"type":"Feature","properties":{"port_id":"PORT_JPYAT","name":"Yatsushiro","name_ascii":"Yatsushiro","country_name":"Japan","country_iso2":"JP","country_iso3":"JPN","unlocode":"JPYAT","status":"AF","function":"1-------","outflows":61100.0,"outflows_confidence":"STATISTICAL","grid_cell":[114,620],"snap_km":42.63,"routable":true,"confidence":"OBSERVED"},"geometry":{"type":"Point","coordinates":[130.5995,32.5044]}},{"type":"Feature","properties":{"port_id":"PORT_JPYKK","name":"Yokkaichi","name_ascii":"Yokkaichi","country_name":"Japan","country_iso2":"JP","country_iso3":"JPN","unlocode":"JPYKK","status":"AF","function":"1-------","outflows":3523652.1667400002,"outflows_confidence":"STATISTICAL","grid_cell":[110,633],"snap_km":26.99,"routable":true,"confidence":"OBSERVED"},"geometry":{"type":"Point","coordinates":[136.6167,34.9667]}},{"type":"Feature","properties":{"port_id":"PORT_JPYOK","name":"Yokohama","name_ascii":"Yokohama","country_name":"Japan","country_iso2":"JP","country_iso3":"JPN","unlocode":"JPYOK","status":"AF","function":"12345---","outflows":26921996.624540005,"outflows_confidence":"STATISTICAL","grid_cell":[110,639],"snap_km":78.37,"routable":true,"confidence":"OBSERVED"},"geometry":{"type":"Point","coordinates":[139.65,35.45]}},{"type":"Feature","properties":{"port_id":"PORT_KEMBA","name":"Mombasa","name_ascii":"Mombasa","country_name":"Kenya","country_iso2":"KE","country_iso3":"KEN","unlocode":"KEMBA","status":"AI","function":"1--45---","outflows":2290456.63883,"outflows_confidence":"STATISTICAL","grid_cell":[188,439],"snap_km":23.74,"routable":true,"confidence":"OBSERVED"},"geometry":{"type":"Point","coordinates":[39.6636,-4.0547]}},{"type":"Feature","properties":{"port_id":"PORT_KHKOS","name":"Kâmpóng Saôm","name_ascii":"Kampong Saom","country_name":"Cambodia","country_iso2":"KH","country_iso3":"KHM","unlocode":"KHKOS","status":"AI","function":"1-34--7-","outflows":1342444.99985,"outflows_confidence":"STATISTICAL","grid_cell":[158,566],"snap_km":33.57,"routable":true,"confidence":"OBSERVED"},"geometry":{"type":"Point","coordinates":[103.5167,10.6]}},{"type":"Feature","properties":{"port_id":"PORT_KITRW","name":"Tarawa","name_ascii":"Tarawa","country_name":"Kiribati","country_iso2":"KI","country_iso3":"KIR","unlocode":"KITRW","status":"AI","function":"1--4----","outflows":136326.0,"outflows_confidence":"STATISTICAL","grid_cell":[177,705],"snap_km":26.67,"routable":true,"confidence":"OBSERVED"},"geometry":{"type":"Point","coordinates":[172.977,1.3278]}},{"type":"Feature","properties":{"port_id":"PORT_KMMUT","name":"Mutsamudu, Anjouan","name_ascii":"Mutsamudu, Anjouan","country_name":"Comoros","country_iso2":"KM","country_iso3":"COM","unlocode":"KMMUT","status":"RL","function":"1-3-----","outflows":143131.33335,"outflows_confidence":"STATISTICAL","grid_cell":[204,448],"snap_km":18.27,"routable":true,"confidence":"OBSERVED"},"geometry":{"type":"Point","coordinates":[44.3833,-12.15]}},{"type":"Feature","properties":{"port_id":"PORT_KMYVA","name":"Moroni","name_ascii":"Moroni","country_name":"Comoros","country_iso2":"KM","country_iso3":"COM","unlocode":"KMYVA","status":"AI","function":"1--45---","outflows":131275.33335,"outflows_confidence":"STATISTICAL","grid_cell":[203,446],"snap_km":5.35,"routable":true,"confidence":"OBSERVED"},"geometry":{"type":"Point","coordinates":[43.2551,-11.7022]}},{"type":"Feature","properties":{"port_id":"PORT_KNCHA","name":"Charlestown","name_ascii":"Charlestown","country_name":"Saint Kitts and Nevis","country_iso2":"KN","country_iso3":"KNA","unlocode":"KNCHA","status":"RL","function":"1--4----","outflows":230958.0,"outflows_confidence":"STATISTICAL","grid_cell":[145,234],"snap_km":19.21,"routable":true,"confidence":"OBSERVED"},"geometry":{"type":"Point","coordinates":[-62.6167,17.1333]}},{"type":"Feature","properties":{"port_id":"PORT_KRINC","name":"Incheon","name_ascii":"Incheon","country_name":"Korea, Republic of","country_iso2":"KR","country_iso3":"KOR","unlocode":"KRINC","status":"AF","function":"123-----","outflows":7323842.77368,"outflows_confidence":"STATISTICAL","grid_cell":[105,613],"snap_km":25.17,"routable":true,"confidence":"OBSERVED"},"geometry":{"type":"Point","coordinates":[126.6167,37.45]}},{"type":"Feature","properties":{"port_id":"PORT_KRKAN","name":"Gwangyang","name_ascii":"Gwangyang","country_name":"Korea, Republic of","country_iso2":"KR","country_iso3":"KOR","unlocode":"KRKAN","status":"AF","function":"123-----","outflows":16515872.093510004,"outflows_confidence":"STATISTICAL","grid_cell":[110,615],"snap_km":20.89,"routable":true,"confidence":"OBSERVED"},"geometry":{"type":"Point","coordinates":[127.7,34.9333]}},{"type":"Feature","properties":{"port_id":"PORT_KRKPO","name":"Pohang","name_ascii":"Pohang","country_name":"Korea, Republic of","country_iso2":"KR","country_iso3":"KOR","unlocode":"KRKPO","status":"AF","function":"1234----","outflows":704296.6666100001,"outflows_confidence":"STATISTICAL","grid_cell":[107,619],"snap_km":42.02,"routable":true,"confidence":"OBSERVED"},"geometry":{"type":"Point","coordinates":[129.3667,36.0333]}},{"type":"Feature","properties":{"port_id":"PORT_KRKUV","name":"Gunsan","name_ascii":"Gunsan","country_name":"Korea, Republic of","country_iso2":"KR","country_iso3":"KOR","unlocode":"KRKUV","status":"AF","function":"1234----","outflows":367380.0,"outflows_confidence":"STATISTICAL","grid_cell":[108,612],"snap_km":49.41,"routable":true,"confidence":"OBSERVED"},"geometry":{"type":"Point","coordinates":[126.7167,35.9833]}},{"type":"Feature","properties":{"port_id":"PORT_KRMAS","name":"Masan","name_ascii":"Masan","country_name":"Korea, Republic of","country_iso2":"KR","country_iso3":"KOR","unlocode":"KRMAS","status":"AF","function":"123-----","outflows":292464.0,"outflows_confidence":"STATISTICAL","grid_cell":[110,617],"snap_km":52.75,"routable":true,"confidence":"OBSERVED"},"geometry":{"type":"Point","coordinates":[128.5667,35.2]}},{"type":"Feature","properties":{"port_id":"PORT_KRMOK","name":"Mokpo","name_ascii":"Mokpo","country_name":"Korea, Republic of","country_iso2":"KR","country_iso3":"KOR","unlocode":"KRMOK","status":"AF","function":"123-----","outflows":64792.0,"outflows_confidence":"STATISTICAL","grid_cell":[110,612],"snap_km":13.39,"routable":true,"confidence":"OBSERVED"},"geometry":{"type":"Point","coordinates":[126.3833,34.8]}},{"type":"Feature","properties":{"port_id":"PORT_KRPTK","name":"Pyeongtaek","name_ascii":"Pyeongtaek","country_name":"Korea, Republic of","country_iso2":"KR","country_iso3":"KOR","unlocode":"KRPTK","status":"AF","function":"123--6--","outflows":201565.00002000004,"outflows_confidence":"STATISTICAL","grid_cell":[105,613],"snap_km":44.23,"routable":true,"confidence":"OBSERVED"},"geometry":{"type":"Point","coordinates":[127.1,36.9667]}},{"type":"Feature","properties":{"port_id":"PORT_KRPUS","name":"Busan","name_ascii":"Busan","country_name":"Korea, Republic of","country_iso2":"KR","country_iso3":"KOR","unlocode":"KRPUS","status":"AF","function":"1234567-","outflows":97226625.829958,"outflows_confidence":"STATISTICAL","grid_cell":[109,618],"snap_km":22.33,"routable":true,"confidence":"OBSERVED"},"geometry":{"type":"Point","coordinates":[129.05,35.1333]}},{"type":"Feature","properties":{"port_id":"PORT_KRTJI","name":"Dangjin","name_ascii":"Dangjin","country_name":"Korea, Republic of","country_iso2":"KR","country_iso3":"KOR","unlocode":"KRTJI","status":"AF","function":"1-3-----","outflows":80514.0,"outflows_confidence":"STATISTICAL","grid_cell":[105,613],"snap_km":31.64,"routable":true,"confidence":"OBSERVED"},"geometry":{"type":"Point","coordinates":[126.7833,36.9667]}},{"type":"Feature","properties":{"port_id":"PORT_KRTSN","name":"Daesan/Seosan","name_ascii":"Daesan/Seosan","country_name":"Korea, Republic of","country_iso2":"KR","country_iso3":"KOR","unlocode":"KRTSN","status":"AF","function":"1-------","outflows":391261.0,"outflows_confidence":"STATISTICAL","grid_cell":[106,612],"snap_km":29.67,"routable":true,"confidence":"OBSERVED"},"geometry":{"type":"Point","coordinates":[126.3667,37.0]}},{"type":"Feature","properties":{"port_id":"PORT_KRUSN","name":"Ulsan","name_ascii":"Ulsan","country_name":"Korea, Republic of","country_iso2":"KR","country_iso3":"KOR","unlocode":"KRUSN","status":"AF","function":"1234----","outflows":4923083.74997,"outflows_confidence":"STATISTICAL","grid_cell":[109,618],"snap_km":32.08,"routable":true,"confidence":"OBSERVED"},"geometry":{"type":"Point","coordinates":[129.3167,35.5333]}},{"type":"Feature","properties":{"port_id":"PORT_KWSAA","name":"Shuaiba","name_ascii":"Shuaiba","country_name":"Kuwait","country_iso2":"KW","country_iso3":"KWT","unlocode":"KWSAA","status":"RL","function":"1-3--6--","outflows":770515.0,"outflows_confidence":"STATISTICAL","grid_cell":[121,456],"snap_km":26.62,"routable":true,"confidence":"OBSERVED"},"geometry":{"type":"Point","coordinates":[48.1333,29.0333]}},{"type":"Feature","properties":{"port_id":"PORT_KWSWK","name":"Shuwaikh","name_ascii":"Shuwaikh","country_name":"Kuwait","country_iso2":"KW","country_iso3":"KWT","unlocode":"KWSWK","status":"RL","function":"1-------","outflows":272129.0,"outflows_confidence":"STATISTICAL","grid_cell":[121,456],"snap_km":32.66,"routable":true,"confidence":"OBSERVED"},"geometry":{"type":"Point","coordinates":[47.9333,29.35]}},{"type":"Feature","properties":{"port_id":"PORT_KYGEC","name":"Georgetown, Grand Cayman","name_ascii":"Georgetown, Grand Cayman","country_name":"Cayman Islands","country_iso2":"KY","country_iso3":"CYM","unlocode":"KYGEC","status":"AI","function":"1-34----","outflows":20059.0,"outflows_confidence":"STATISTICAL","grid_cell":[141,197],"snap_km":15.06,"routable":true,"confidence":"OBSERVED"},"geometry":{"type":"Point","coordinates":[-81.3833,19.3]}},{"type":"Feature","properties":{"port_id":"PORT_LBBEY","name":"Beirut","name_ascii":"Beirut","country_name":"Lebanon","country_iso2":"LB","country_iso3":"LBN","unlocode":"LBBEY","status":"AI","function":"1--45---","outflows":8332419.504399998,"outflows_confidence":"STATISTICAL","grid_cell":[112,430],"snap_km":23.47,"routable":true,"confidence":"OBSERVED"},"geometry":{"type":"Point","coordinates":[35.4833,33.8333]}},{"type":"Feature","properties":{"port_id":"PORT_LBKYE","name":"Tripoli","name_ascii":"Tripoli","country_name":"Lebanon","country_iso2":"LB","country_iso3":"LBN","unlocode":"LBKYE","status":"AI","function":"1--4----","outflows":2038156.25,"outflows_confidence":"STATISTICAL","grid_cell":[110,431],"snap_km":36.23,"routable":true,"confidence":"OBSERVED"},"geometry":{"type":"Point","coordinates":[35.8441,34.4335]}},{"type":"Feature","properties":{"port_id":"PORT_LCCAS","name":"Castries","name_ascii":"Castries","country_name":"Saint Lucia","country_iso2":"LC","country_iso3":"LCA","unlocode":"LCCAS","status":"RL","function":"1-3-----","outflows":395089.06669,"outflows_confidence":"STATISTICAL","grid_cell":[151,238],"snap_km":34.91,"routable":true,"confidence":"OBSERVED"},"geometry":{"type":"Point","coordinates":[-60.9667,14.0167]}},{"type":"Feature","properties":{"port_id":"PORT_LKCMB","name":"Colombo","name_ascii":"Colombo","country_name":"Sri Lanka","country_iso2":"LK","country_iso3":"LKA","unlocode":"LKCMB","status":"AI","function":"12345---","outflows":40970827.24107001,"outflows_confidence":"STATISTICAL","grid_cell":[166,519],"snap_km":21.57,"routable":true,"confidence":"OBSERVED"},"geometry":{"type":"Point","coordinates":[79.85,6.9167]}},{"type":"Feature","properties":{"port_id":"PORT_LRMLW","name":"Monrovia","name_ascii":"Monrovia","country_name":"Liberia","country_iso2":"LR","country_iso3":"LBR","unlocode":"LRMLW","status":"AI","function":"1-345---","outflows":467272.0000200001,"outflows_confidence":"STATISTICAL","grid_cell":[167,338],"snap_km":7.84,"routable":true,"confidence":"OBSERVED"},"geometry":{"type":"Point","coordinates":[-10.8,6.3]}},{"type":"Feature","properties":{"port_id":"PORT_LTKLJ","name":"Klaipeda","name_ascii":"Klaipeda","country_name":"Lithuania","country_iso2":"LT","country_iso3":"LTU","unlocode":"LTKLJ","status":"AI","function":"1--4----","outflows":1242325.5,"outflows_confidence":"STATISTICAL","grid_cell":[68,401],"snap_km":24.83,"routable":true,"confidence":"OBSERVED"},"geometry":{"type":"Point","coordinates":[21.1391,55.7068]}},{"type":"Feature","properties":{"port_id":"PORT_LVRIX","name":"Riga","name_ascii":"Riga","country_name":"Latvia","country_iso2":"LV","country_iso3":"LVA","unlocode":"LVRIX","status":"AI","function":"1--45---","outflows":944970.0,"outflows_confidence":"STATISTICAL","grid_cell":[65,408],"snap_km":34.91,"routable":true,"confidence":"OBSERVED"},"geometry":{"type":"Point","coordinates":[24.1059,56.946]}},{"type":"Feature","properties":{"port_id":"PORT_LYBEN","name":"Bingazi (Benghazi)","name_ascii":"Bingazi (Benghazi)","country_name":"Libya","country_iso2":"LY","country_iso3":"LBY","unlocode":"LYBEN","status":"AI","function":"1--45---","outflows":296981.0,"outflows_confidence":"STATISTICAL","grid_cell":[115,399],"snap_km":33.54,"routable":true,"confidence":"OBSERVED"},"geometry":{"type":"Point","coordinates":[20.0686,32.1149]}},{"type":"Feature","properties":{"port_id":"PORT_LYKHO","name":"Al Khums","name_ascii":"Al Khums","country_name":"Libya","country_iso2":"LY","country_iso3":"LBY","unlocode":"LYKHO","status":"RL","function":"1-3-----","outflows":230254.00001,"outflows_confidence":"STATISTICAL","grid_cell":[114,388],"snap_km":11.23,"routable":true,"confidence":"OBSERVED"},"geometry":{"type":"Point","coordinates":[14.2667,32.65]}},{"type":"Feature","properties":{"port_id":"PORT_LYMRA","name":"Misurata","name_ascii":"Misurata","country_name":"Libya","country_iso2":"LY","country_iso3":"LBY","unlocode":"LYMRA","status":"AI","function":"1--4----","outflows":757750.0000100001,"outflows_confidence":"STATISTICAL","grid_cell":[114,390],"snap_km":44.2,"routable":true,"confidence":"OBSERVED"},"geometry":{"type":"Point","coordinates":[15.0925,32.3753]}},{"type":"Feature","properties":{"port_id":"PORT_LYTIP","name":"Tripoli","name_ascii":"Tripoli","country_name":"Libya","country_iso2":"LY","country_iso3":"LBY","unlocode":"LYTIP","status":"AI","function":"1--4----","outflows":281045.0,"outflows_confidence":"STATISTICAL","grid_cell":[113,386],"snap_km":40.74,"routable":true,"confidence":"OBSERVED"},"geometry":{"type":"Point","coordinates":[13.1873,32.8874]}},{"type":"Feature","properties":{"port_id":"PORT_MAAGA","name":"Agadir","name_ascii":"Agadir","country_name":"Morocco","country_iso2":"MA","country_iso3":"MAR","unlocode":"MAAGA","status":"AI","function":"1--4----","outflows":593660.57139,"outflows_confidence":"STATISTICAL","grid_cell":[119,340],"snap_km":23.88,"routable":true,"confidence":"OBSERVED"},"geometry":{"type":"Point","coordinates":[-9.5982,30.4202]}},{"type":"Feature","properties":{"port_id":"PORT_MACAS","name":"Casablanca","name_ascii":"Casablanca","country_name":"Morocco","country_iso2":"MA","country_iso3":"MAR","unlocode":"MACAS","status":"AI","function":"1--45---","outflows":2434027.9715000005,"outflows_confidence":"STATISTICAL","grid_cell":[112,344],"snap_km":23.16,"routable":true,"confidence":"OBSERVED"},"geometry":{"type":"Point","coordinates":[-7.6,33.5833]}},{"type":"Feature","properties":{"port_id":"PORT_MANDR","name":"Nador","name_ascii":"Nador","country_name":"Morocco","country_iso2":"MA","country_iso3":"MAR","unlocode":"MANDR","status":"AI","function":"1-------","outflows":45500.0,"outflows_confidence":"STATISTICAL","grid_cell":[109,354],"snap_km":19.0,"routable":true,"confidence":"OBSERVED"},"geometry":{"type":"Point","coordinates":[-2.9335,35.1681]}},{"type":"Feature","properties":{"port_id":"PORT_MAPTM","name":"Tanger Med","name_ascii":"Tanger Med","country_name":"Morocco","country_iso2":"MA","country_iso3":"MAR","unlocode":"MAPTM","status":"AI","function":"123-----","outflows":29213268.307420008,"outflows_confidence":"STATISTICAL","grid_cell":[108,348],"snap_km":18.88,"routable":true,"confidence":"OBSERVED"},"geometry":{"type":"Point","coordinates":[-5.5632,35.8267]}},{"type":"Feature","properties":{"port_id":"PORT_MDGIU","name":"Giurgiulesti","name_ascii":"Giurgiulesti","country_name":"Moldova, Republic of","country_iso2":"MD","country_iso3":"MDA","unlocode":"MDGIU","status":"RL","function":"1-3-----","outflows":1560.0,"outflows_confidence":"STATISTICAL","grid_cell":[90,418],"snap_km":115.57,"routable":true,"confidence":"OBSERVED"},"geometry":{"type":"Point","coordinates":[28.1833,45.4667]}},{"type":"Feature","properties":{"port_id":"PORT_MEBAR","name":"Bar","name_ascii":"Bar","country_name":"Montenegro","country_iso2":"ME","country_iso3":"MNE","unlocode":"MEBAR","status":"RL","function":"123-----","outflows":257803.0,"outflows_confidence":"STATISTICAL","grid_cell":[95,397],"snap_km":33.14,"routable":true,"confidence":"OBSERVED"},"geometry":{"type":"Point","coordinates":[19.0833,42.0833]}},{"type":"Feature","properties":{"port_id":"PORT_MGDIE","name":"Antsiranana","name_ascii":"Antsiranana","country_name":"Madagascar","country_iso2":"MG","country_iso3":"MDG","unlocode":"MGDIE","status":"AI","function":"1--4----","outflows":113468.0,"outflows_confidence":"STATISTICAL","grid_cell":[204,459],"snap_km":50.33,"routable":true,"confidence":"OBSERVED"},"geometry":{"type":"Point","coordinates":[49.2919,-12.3173]}},{"type":"Feature","properties":{"port_id":"PORT_MGEHL","name":"Ehoala","name_ascii":"Ehoala","country_name":"Madagascar","country_iso2":"MG","country_iso3":"MDG","unlocode":"MGEHL","status":"RL","function":"1-------","outflows":19864.0,"outflows_confidence":"STATISTICAL","grid_cell":[230,453],"snap_km":28.65,"routable":true,"confidence":"OBSERVED"},"geometry":{"type":"Point","coordinates":[46.95,-25.0667]}},{"type":"Feature","properties":{"port_id":"PORT_MGMJN","name":"Majunga (Mahajanga)","name_ascii":"Majunga (Mahajanga)","country_name":"Madagascar","country_iso2":"MG","country_iso3":"MDG","unlocode":"MGMJN","status":"AI","function":"1--4----","outflows":125324.0,"outflows_confidence":"STATISTICAL","grid_cell":[210,452],"snap_km":52.38,"routable":true,"confidence":"OBSERVED"},"geometry":{"type":"Point","coordinates":[46.3167,-15.7167]}},{"type":"Feature","properties":{"port_id":"PORT_MGNOS","name":"Nosy-Be","name_ascii":"Nosy-Be","country_name":"Madagascar","country_iso2":"MG","country_iso3":"MDG","unlocode":"MGNOS","status":"AI","function":"1-34----","outflows":60888.0,"outflows_confidence":"STATISTICAL","grid_cell":[206,456],"snap_km":9.27,"routable":true,"confidence":"OBSERVED"},"geometry":{"type":"Point","coordinates":[48.25,-13.3333]}},{"type":"Feature","properties":{"port_id":"PORT_MGTLE","name":"Tulear (Toliara)","name_ascii":"Tulear (Toliara)","country_name":"Madagascar","country_iso2":"MG","country_iso3":"MDG","unlocode":"MGTLE","status":"AI","function":"1--4----","outflows":19864.0,"outflows_confidence":"STATISTICAL","grid_cell":[226,446],"snap_km":43.98,"routable":true,"confidence":"OBSERVED"},"geometry":{"type":"Point","coordinates":[43.6667,-23.35]}},{"type":"Feature","properties":{"port_id":"PORT_MGTMM","name":"Tamatave (Toamasina)","name_ascii":"Tamatave (Toamasina)","country_name":"Madagascar","country_iso2":"MG","country_iso3":"MDG","unlocode":"MGTMM","status":"AI","function":"1--45---","outflows":396084.0,"outflows_confidence":"STATISTICAL","grid_cell":[216,459],"snap_km":38.4,"routable":true,"confidence":"OBSERVED"},"geometry":{"type":"Point","coordinates":[49.4023,-18.1492]}},{"type":"Feature","properties":{"port_id":"PORT_MHKWA","name":"Kwajalein","name_ascii":"Kwajalein","country_name":"Marshall Islands","country_iso2":"MH","country_iso3":"MHL","unlocode":"MHKWA","status":"AI","function":"---4----","outflows":48316.66667,"outflows_confidence":"STATISTICAL","grid_cell":[162,695],"snap_km":3.0,"routable":true,"confidence":"OBSERVED"},"geometry":{"type":"Point","coordinates":[167.7392,8.7748]}},{"type":"Feature","properties":{"port_id":"PORT_MHMAJ","name":"Majuro","name_ascii":"Majuro","country_name":"Marshall Islands","country_iso2":"MH","country_iso3":"MHL","unlocode":"MHMAJ","status":"AI","function":"1--4----","outflows":238090.66668200004,"outflows_confidence":"STATISTICAL","grid_cell":[165,702],"snap_km":22.24,"routable":true,"confidence":"OBSERVED"},"geometry":{"type":"Point","coordinates":[171.3833,7.1]}},{"type":"Feature","properties":{"port_id":"PORT_MMRGN","name":"Yangon","name_ascii":"Yangon","country_name":"Myanmar","country_iso2":"MM","country_iso3":"MMR","unlocode":"MMRGN","status":"AI","function":"1--45---","outflows":937558.0000499999,"outflows_confidence":"STATISTICAL","grid_cell":[147,552],"snap_km":62.55,"routable":true,"confidence":"OBSERVED"},"geometry":{"type":"Point","coordinates":[96.1561,16.8053]}},{"type":"Feature","properties":{"port_id":"PORT_MMTLA","name":"Thilawa","name_ascii":"Thilawa","country_name":"Myanmar","country_iso2":"MM","country_iso3":"MMR","unlocode":"MMTLA","status":"RL","function":"123-----","outflows":629785.0000199999,"outflows_confidence":"STATISTICAL","grid_cell":[147,552],"snap_km":44.48,"routable":true,"confidence":"OBSERVED"},"geometry":{"type":"Point","coordinates":[96.25,16.65]}},{"type":"Feature","properties":{"port_id":"PORT_MQFDF","name":"Fort-de-France","name_ascii":"Fort-de-France","country_name":"Martinique","country_iso2":"MQ","country_iso3":null,"unlocode":"MQFDF","status":"AI","function":"1-345---","outflows":1924423.5832689998,"outflows_confidence":"STATISTICAL","grid_cell":[150,237],"snap_km":24.95,"routable":true,"confidence":"OBSERVED"},"geometry":{"type":"Point","coordinates":[-61.0742,14.6037]}},{"type":"Feature","properties":{"port_id":"PORT_MRNDB","name":"Nouadhibou","name_ascii":"Nouadhibou","country_name":"Mauritania","country_iso2":"MR","country_iso3":"MRT","unlocode":"MRNDB","status":"AI","function":"1--4----","outflows":197029.5,"outflows_confidence":"STATISTICAL","grid_cell":[138,325],"snap_km":30.64,"routable":true,"confidence":"OBSERVED"},"geometry":{"type":"Point","coordinates":[-17.0384,20.9419]}},{"type":"Feature","properties":{"port_id":"PORT_MRNKC","name":"Nouakchott","name_ascii":"Nouakchott","country_name":"Mauritania","country_iso2":"MR","country_iso3":"MRT","unlocode":"MRNKC","status":"AI","function":"1--45---","outflows":334524.0,"outflows_confidence":"STATISTICAL","grid_cell":[143,327],"snap_km":34.0,"routable":true,"confidence":"OBSERVED"},"geometry":{"type":"Point","coordinates":[-15.9785,18.0858]}},{"type":"Feature","properties":{"port_id":"PORT_MSPLY","name":"Plymouth","name_ascii":"Plymouth","country_name":"Montserrat","country_iso2":"MS","country_iso3":"MSR","unlocode":"MSPLY","status":"RQ","function":"1---5---","outflows":230958.0,"outflows_confidence":"STATISTICAL","grid_cell":[146,235],"snap_km":6.33,"routable":true,"confidence":"OBSERVED"},"geometry":{"type":"Point","coordinates":[-62.2129,16.7055]}},{"type":"Feature","properties":{"port_id":"PORT_MTMAR","name":"Marsaxlokk","name_ascii":"Marsaxlokk","country_name":"Malta","country_iso2":"MT","country_iso3":"MLT","unlocode":"MTMAR","status":"AA","function":"1-------","outflows":12264680.76361,"outflows_confidence":"STATISTICAL","grid_cell":[108,389],"snap_km":21.63,"routable":true,"confidence":"OBSERVED"},"geometry":{"type":"Point","coordinates":[14.5333,35.8333]}},{"type":"Feature","properties":{"port_id":"PORT_MUPLU","name":"Port Louis","name_ascii":"Port Louis","country_name":"Mauritius","country_iso2":"MU","country_iso3":"MUS","unlocode":"MUPLU","status":"QQ","function":"1--4----","outflows":7415942.385499997,"outflows_confidence":"STATISTICAL","grid_cell":[220,474],"snap_km":27.76,"routable":true,"confidence":"OBSERVED"},"geometry":{"type":"Point","coordinates":[57.4989,-20.1619]}},{"type":"Feature","properties":{"port_id":"PORT_MUPMA","name":"Port Mathurin","name_ascii":"Port Mathurin","country_name":"Mauritius","country_iso2":"MU","country_iso3":"MUS","unlocode":"MUPMA","status":"RL","function":"1-3-----","outflows":3451.5,"outflows_confidence":"STATISTICAL","grid_cell":[219,486],"snap_km":18.96,"routable":true,"confidence":"OBSERVED"},"geometry":{"type":"Point","coordinates":[63.4167,-19.6833]}},{"type":"Feature","properties":{"port_id":"PORT_MVMLE","name":"Male","name_ascii":"Male","country_name":"Maldives","country_iso2":"MV","country_iso3":"MDV","unlocode":"MVMLE","status":"AI","function":"1--45---","outflows":224938.42858000004,"outflows_confidence":"STATISTICAL","grid_cell":[171,507],"snap_km":29.23,"routable":true,"confidence":"OBSERVED"},"geometry":{"type":"Point","coordinates":[73.5,4.1667]}},{"type":"Feature","properties":{"port_id":"PORT_MXATM","name":"Altamira","name_ascii":"Altamira","country_name":"Mexico","country_iso2":"MX","country_iso3":"MEX","unlocode":"MXATM","status":"RL","function":"1-3-----","outflows":6907067.843176002,"outflows_confidence":"STATISTICAL","grid_cell":[135,164],"snap_km":23.92,"routable":true,"confidence":"OBSERVED"},"geometry":{"type":"Point","coordinates":[-97.9167,22.4]}},{"type":"Feature","properties":{"port_id":"PORT_MXCOA","name":"Coatzacoalcos","name_ascii":"Coatzacoalcos","country_name":"Mexico","country_iso2":"MX","country_iso3":"MEX","unlocode":"MXCOA","status":"AI","function":"1--4----","outflows":9100.0,"outflows_confidence":"STATISTICAL","grid_cell":[143,171],"snap_km":20.48,"routable":true,"confidence":"OBSERVED"},"geometry":{"type":"Point","coordinates":[-94.4,18.1333]}},{"type":"Feature","properties":{"port_id":"PORT_MXESE","name":"Ensenada","name_ascii":"Ensenada","country_name":"Mexico","country_iso2":"MX","country_iso3":"MEX","unlocode":"MXESE","status":"AI","function":"1--4----","outflows":3482019.6660800003,"outflows_confidence":"STATISTICAL","grid_cell":[116,126],"snap_km":18.02,"routable":true,"confidence":"OBSERVED"},"geometry":{"type":"Point","coordinates":[-116.6,31.85]}},{"type":"Feature","properties":{"port_id":"PORT_MXGYM","name":"Guaymas","name_ascii":"Guaymas","country_name":"Mexico","country_iso2":"MX","country_iso3":"MEX","unlocode":"MXGYM","status":"AI","function":"1--4----","outflows":15320.0,"outflows_confidence":"STATISTICAL","grid_cell":[124,138],"snap_km":22.7,"routable":true,"confidence":"OBSERVED"},"geometry":{"type":"Point","coordinates":[-110.8833,27.9167]}},{"type":"Feature","properties":{"port_id":"PORT_MXLZC","name":"Lázaro Cárdenas","name_ascii":"Lazaro Cardenas","country_name":"Mexico","country_iso2":"MX","country_iso3":"MEX","unlocode":"MXLZC","status":"AI","function":"1-------","outflows":9280527.09983,"outflows_confidence":"STATISTICAL","grid_cell":[144,155],"snap_km":23.33,"routable":true,"confidence":"OBSERVED"},"geometry":{"type":"Point","coordinates":[-102.1833,17.95]}},{"type":"Feature","properties":{"port_id":"PORT_MXMZT","name":"Mazatlan","name_ascii":"Mazatlan","country_name":"Mexico","country_iso2":"MX","country_iso3":"MEX","unlocode":"MXMZT","status":"AI","function":"1--4----","outflows":258563.0,"outflows_confidence":"STATISTICAL","grid_cell":[133,146],"snap_km":39.44,"routable":true,"confidence":"OBSERVED"},"geometry":{"type":"Point","coordinates":[-106.4,23.4]}},{"type":"Feature","properties":{"port_id":"PORT_MXPMD","name":"Puerto Madero","name_ascii":"Puerto Madero","country_name":"Mexico","country_iso2":"MX","country_iso3":"MEX","unlocode":"MXPMD","status":"AI","function":"1-3-----","outflows":82680.0,"outflows_confidence":"STATISTICAL","grid_cell":[150,174],"snap_km":36.04,"routable":true,"confidence":"OBSERVED"},"geometry":{"type":"Point","coordinates":[-92.4167,14.7167]}},{"type":"Feature","properties":{"port_id":"PORT_MXPMS","name":"Puerto Morelos","name_ascii":"Puerto Morelos","country_name":"Mexico","country_iso2":"MX","country_iso3":"MEX","unlocode":"MXPMS","status":"RL","function":"1-3-----","outflows":13533.0,"outflows_confidence":"STATISTICAL","grid_cell":[138,186],"snap_km":15.26,"routable":true,"confidence":"OBSERVED"},"geometry":{"type":"Point","coordinates":[-86.8667,20.8333]}},{"type":"Feature","properties":{"port_id":"PORT_MXPRO","name":"Paraiso","name_ascii":"Paraiso","country_name":"Mexico","country_iso2":"MX","country_iso3":"MEX","unlocode":"MXPRO","status":"RL","function":"--3-----","outflows":771394.2,"outflows_confidence":"STATISTICAL","grid_cell":[142,175],"snap_km":63.23,"routable":true,"confidence":"OBSERVED"},"geometry":{"type":"Point","coordinates":[-92.2,18.1833]}},{"type":"Feature","properties":{"port_id":"PORT_MXTAM","name":"Tampico","name_ascii":"Tampico","country_name":"Mexico","country_iso2":"MX","country_iso3":"MEX","unlocode":"MXTAM","status":"AI","function":"1--4----","outflows":33951.0,"outflows_confidence":"STATISTICAL","grid_cell":[135,164],"snap_km":12.01,"routable":true,"confidence":"OBSERVED"},"geometry":{"type":"Point","coordinates":[-97.8667,22.25]}},{"type":"Feature","properties":{"port_id":"PORT_MXTUX","name":"Tuxpan","name_ascii":"Tuxpan","country_name":"Mexico","country_iso2":"MX","country_iso3":"MEX","unlocode":"MXTUX","status":"AI","function":"1-------","outflows":21541.0,"outflows_confidence":"STATISTICAL","grid_cell":[137,165],"snap_km":36.81,"routable":true,"confidence":"OBSERVED"},"geometry":{"type":"Point","coordinates":[-97.4,20.95]}},{"type":"Feature","properties":{"port_id":"PORT_MXVER","name":"Veracruz","name_ascii":"Veracruz","country_name":"Mexico","country_iso2":"MX","country_iso3":"MEX","unlocode":"MXVER","status":"AI","function":"1-345---","outflows":8795504.270856,"outflows_confidence":"STATISTICAL","grid_cell":[141,168],"snap_km":35.44,"routable":true,"confidence":"OBSERVED"},"geometry":{"type":"Point","coordinates":[-96.0833,19.2]}},{"type":"Feature","properties":{"port_id":"PORT_MXZLO","name":"Manzanillo","name_ascii":"Manzanillo","country_name":"Mexico","country_iso2":"MX","country_iso3":"MEX","unlocode":"MXZLO","status":"AI","function":"1-34----","outflows":14861828.233399997,"outflows_confidence":"STATISTICAL","grid_cell":[142,151],"snap_km":33.77,"routable":true,"confidence":"OBSERVED"},"geometry":{"type":"Point","coordinates":[-104.3,19.05]}},{"type":"Feature","properties":{"port_id":"PORT_MYBKI","name":"Kota Kinabalu, Sabah","name_ascii":"Kota Kinabalu, Sabah","country_name":"Malaysia","country_iso2":"MY","country_iso3":"MYS","unlocode":"MYBKI","status":"AI","function":"1-345---","outflows":710049.1667,"outflows_confidence":"STATISTICAL","grid_cell":[167,592],"snap_km":36.35,"routable":true,"confidence":"OBSERVED"},"geometry":{"type":"Point","coordinates":[116.0724,5.9749]}},{"type":"Feature","properties":{"port_id":"PORT_MYBTU","name":"Bintulu, Sarawak","name_ascii":"Bintulu, Sarawak","country_name":"Malaysia","country_iso2":"MY","country_iso3":"MYS","unlocode":"MYBTU","status":"AI","function":"1-------","outflows":670234.5,"outflows_confidence":"STATISTICAL","grid_cell":[173,585],"snap_km":32.79,"routable":true,"confidence":"OBSERVED"},"geometry":{"type":"Point","coordinates":[113.0333,3.1667]}},{"type":"Feature","properties":{"port_id":"PORT_MYKCH","name":"Kuching, Sarawak","name_ascii":"Kuching, Sarawak","country_name":"Malaysia","country_iso2":"MY","country_iso3":"MYS","unlocode":"MYKCH","status":"AI","function":"1--45---","outflows":276603.6,"outflows_confidence":"STATISTICAL","grid_cell":[176,580],"snap_km":24.09,"routable":true,"confidence":"OBSERVED"},"geometry":{"type":"Point","coordinates":[110.3333,1.55]}},{"type":"Feature","properties":{"port_id":"PORT_MYLBU","name":"Labuan, Sabah","name_ascii":"Labuan, Sabah","country_name":"Malaysia","country_iso2":"MY","country_iso3":"MYS","unlocode":"MYLBU","status":"AI","function":"1--4----","outflows":68835.0,"outflows_confidence":"STATISTICAL","grid_cell":[169,590],"snap_km":4.81,"routable":true,"confidence":"OBSERVED"},"geometry":{"type":"Point","coordinates":[115.2692,5.2888]}},{"type":"Feature","properties":{"port_id":"PORT_MYMKZ","name":"Malacca","name_ascii":"Malacca","country_name":"Malaysia","country_iso2":"MY","country_iso3":"MYS","unlocode":"MYMKZ","status":"AI","function":"1--4----","outflows":2862.0,"outflows_confidence":"STATISTICAL","grid_cell":[176,564],"snap_km":49.6,"routable":true,"confidence":"OBSERVED"},"geometry":{"type":"Point","coordinates":[102.2405,2.196]}},{"type":"Feature","properties":{"port_id":"PORT_MYPEN","name":"Penang (Georgetown)","name_ascii":"Penang (Georgetown)","country_name":"Malaysia","country_iso2":"MY","country_iso3":"MYS","unlocode":"MYPEN","status":"AI","function":"1--4----","outflows":3938506.0,"outflows_confidence":"STATISTICAL","grid_cell":[169,560],"snap_km":19.95,"routable":true,"confidence":"OBSERVED"},"geometry":{"type":"Point","coordinates":[100.3167,5.4167]}},{"type":"Feature","properties":{"port_id":"PORT_MYPGU","name":"Pasir Gudang, Johor","name_ascii":"Pasir Gudang, Johor","country_name":"Malaysia","country_iso2":"MY","country_iso3":"MYS","unlocode":"MYPGU","status":"QQ","function":"1-------","outflows":3893274.6667500003,"outflows_confidence":"STATISTICAL","grid_cell":[177,567],"snap_km":28.55,"routable":true,"confidence":"OBSERVED"},"geometry":{"type":"Point","coordinates":[103.878,1.4726]}},{"type":"Feature","properties":{"port_id":"PORT_MYPKG","name":"Port Klang (Pelabuhan Klang)","name_ascii":"Port Klang (Pelabuhan Klang)","country_name":"Malaysia","country_iso2":"MY","country_iso3":"MYS","unlocode":"MYPKG","status":"RL","function":"123-5---","outflows":58866748.817210026,"outflows_confidence":"STATISTICAL","grid_cell":[174,562],"snap_km":32.41,"routable":true,"confidence":"OBSERVED"},"geometry":{"type":"Point","coordinates":[101.4,3.0]}},{"type":"Feature","properties":{"port_id":"PORT_MYSBW","name":"Sibu, Sarawak","name_ascii":"Sibu, Sarawak","country_name":"Malaysia","country_iso2":"MY","country_iso3":"MYS","unlocode":"MYSBW","status":"AI","function":"1--4----","outflows":2250.0,"outflows_confidence":"STATISTICAL","grid_cell":[175,582],"snap_km":63.21,"routable":true,"confidence":"OBSERVED"},"geometry":{"type":"Point","coordinates":[111.8167,2.3]}},{"type":"Feature","properties":{"port_id":"PORT_MYSDK","name":"Sandakan, Sabah","name_ascii":"Sandakan, Sabah","country_name":"Malaysia","country_iso2":"MY","country_iso3":"MYS","unlocode":"MYSDK","status":"AI","function":"1--4----","outflows":18720.0,"outflows_confidence":"STATISTICAL","grid_cell":[167,596],"snap_km":47.85,"routable":true,"confidence":"OBSERVED"},"geometry":{"type":"Point","coordinates":[118.1179,5.8402]}},{"type":"Feature","properties":{"port_id":"PORT_MYTPP","name":"Tanjung Pelepas","name_ascii":"Tanjung Pelepas","country_name":"Malaysia","country_iso2":"MY","country_iso3":"MYS","unlocode":"MYTPP","status":"RL","function":"123-----","outflows":36861511.88853998,"outflows_confidence":"STATISTICAL","grid_cell":[177,567],"snap_km":25.74,"routable":true,"confidence":"OBSERVED"},"geometry":{"type":"Point","coordinates":[103.55,1.3667]}},{"type":"Feature","properties":{"port_id":"PORT_MYTWU","name":"Tawau, Sabah","name_ascii":"Tawau, Sabah","country_name":"Malaysia","country_iso2":"MY","country_iso3":"MYS","unlocode":"MYTWU","status":"AI","function":"1--4----","outflows":241236.6667,"outflows_confidence":"STATISTICAL","grid_cell":[171,596],"snap_km":39.8,"routable":true,"confidence":"OBSERVED"},"geometry":{"type":"Point","coordinates":[117.8911,4.2448]}},{"type":"Feature","properties":{"port_id":"PORT_MZBEW","name":"Beira","name_ascii":"Beira","country_name":"Mozambique","country_iso2":"MZ","country_iso3":"MOZ","unlocode":"MZBEW","status":"AI","function":"1--45---","outflows":862537.00003,"outflows_confidence":"STATISTICAL","grid_cell":[219,430],"snap_km":44.25,"routable":true,"confidence":"OBSERVED"},"geometry":{"type":"Point","coordinates":[34.8389,-19.8436]}},{"type":"Feature","properties":{"port_id":"PORT_MZMNC","name":"Nacala","name_ascii":"Nacala","country_name":"Mozambique","country_iso2":"MZ","country_iso3":"MOZ","unlocode":"MZMNC","status":"AI","function":"1--4----","outflows":668056.9999800001,"outflows_confidence":"STATISTICAL","grid_cell":[208,441],"snap_km":35.45,"routable":true,"confidence":"OBSERVED"},"geometry":{"type":"Point","coordinates":[40.6854,-14.5626]}},{"type":"Feature","properties":{"port_id":"PORT_MZMPM","name":"Maputo","name_ascii":"Maputo","country_name":"Mozambique","country_iso2":"MZ","country_iso3":"MOZ","unlocode":"MZMPM","status":"AI","function":"1--45---","outflows":871116.2000499999,"outflows_confidence":"STATISTICAL","grid_cell":[231,425],"snap_km":29.2,"routable":true,"confidence":"OBSERVED"},"geometry":{"type":"Point","coordinates":[32.5832,-25.9655]}},{"type":"Feature","properties":{"port_id":"PORT_MZUEL","name":"Quelimane","name_ascii":"Quelimane","country_name":"Mozambique","country_iso2":"MZ","country_iso3":"MOZ","unlocode":"MZUEL","status":"AI","function":"1--4----","outflows":8034.0,"outflows_confidence":"STATISTICAL","grid_cell":[215,434],"snap_km":40.87,"routable":true,"confidence":"OBSERVED"},"geometry":{"type":"Point","coordinates":[36.8883,-17.8786]}},{"type":"Feature","properties":{"port_id":"PORT_NALUD","name":"Lüderitz","name_ascii":"Luderitz","country_name":"Namibia","country_iso2":"NA","country_iso3":"NAM","unlocode":"NALUD","status":"AI","function":"1--4----","outflows":43992.0,"outflows_confidence":"STATISTICAL","grid_cell":[233,389],"snap_km":42.86,"routable":true,"confidence":"OBSERVED"},"geometry":{"type":"Point","coordinates":[15.1667,-26.65]}},{"type":"Feature","properties":{"port_id":"PORT_NAWVB","name":"Walvis Bay","name_ascii":"Walvis Bay","country_name":"Namibia","country_iso2":"NA","country_iso3":"NAM","unlocode":"NAWVB","status":"QQ","function":"1-------","outflows":2144542.8666100004,"outflows_confidence":"STATISTICAL","grid_cell":[225,388],"snap_km":34.88,"routable":true,"confidence":"OBSERVED"},"geometry":{"type":"Point","coordinates":[14.5053,-22.9575]}},{"type":"Feature","properties":{"port_id":"PORT_NCNOU","name":"Nouméa","name_ascii":"Noumea","country_name":"New Caledonia","country_iso2":"NC","country_iso3":"NCL","unlocode":"NCNOU","status":"AI","function":"1--45---","outflows":1152154.3332800004,"outflows_confidence":"STATISTICAL","grid_cell":[224,692],"snap_km":20.67,"routable":true,"confidence":"OBSERVED"},"geometry":{"type":"Point","coordinates":[166.45,-22.2667]}},{"type":"Feature","properties":{"port_id":"PORT_NGAPP","name":"Apapa","name_ascii":"Apapa","country_name":"Nigeria","country_iso2":"NG","country_iso3":"NGA","unlocode":"NGAPP","status":"QQ","function":"1-------","outflows":1959193.7340199992,"outflows_confidence":"STATISTICAL","grid_cell":[167,366],"snap_km":25.18,"routable":true,"confidence":"OBSERVED"},"geometry":{"type":"Point","coordinates":[3.359,6.4488]}},{"type":"Feature","properties":{"port_id":"PORT_NGCBQ","name":"Calabar","name_ascii":"Calabar","country_name":"Nigeria","country_iso2":"NG","country_iso3":"NGA","unlocode":"NGCBQ","status":"AI","function":"1--4----","outflows":7150.0,"outflows_confidence":"STATISTICAL","grid_cell":[171,376],"snap_km":79.29,"routable":true,"confidence":"OBSERVED"},"geometry":{"type":"Point","coordinates":[8.327,4.9589]}},{"type":"Feature","properties":{"port_id":"PORT_NGLKK","name":"Lekki","name_ascii":"Lekki","country_name":"Nigeria","country_iso2":"NG","country_iso3":"NGA","unlocode":"NGLKK","status":"RL","function":"--3-----","outflows":23036.0,"outflows_confidence":"STATISTICAL","grid_cell":[167,366],"snap_km":27.74,"routable":true,"confidence":"OBSERVED"},"geometry":{"type":"Point","coordinates":[3.1,6.45]}},{"type":"Feature","properties":{"port_id":"PORT_NGLOS","name":"Lagos","name_ascii":"Lagos","country_name":"Nigeria","country_iso2":"NG","country_iso3":"NGA","unlocode":"NGLOS","status":"AI","function":"1--45---","outflows":1767326.6668199997,"outflows_confidence":"STATISTICAL","grid_cell":[167,366],"snap_km":27.76,"routable":true,"confidence":"OBSERVED"},"geometry":{"type":"Point","coordinates":[3.3947,6.4541]}},{"type":"Feature","properties":{"port_id":"PORT_NGONN","name":"Onne","name_ascii":"Onne","country_name":"Nigeria","country_iso2":"NG","country_iso3":"NGA","unlocode":"NGONN","status":"RL","function":"1-3-----","outflows":1341939.73318,"outflows_confidence":"STATISTICAL","grid_cell":[171,374],"snap_km":53.06,"routable":true,"confidence":"OBSERVED"},"geometry":{"type":"Point","coordinates":[7.15,4.7167]}},{"type":"Feature","properties":{"port_id":"PORT_NGPHC","name":"Port Harcourt","name_ascii":"Port Harcourt","country_name":"Nigeria","country_iso2":"NG","country_iso3":"NGA","unlocode":"NGPHC","status":"AI","function":"1--4----","outflows":46634.9,"outflows_confidence":"STATISTICAL","grid_cell":[171,374],"snap_km":64.24,"routable":true,"confidence":"OBSERVED"},"geometry":{"type":"Point","coordinates":[7.0134,4.7774]}},{"type":"Feature","properties":{"port_id":"PORT_NICIO","name":"Corinto","name_ascii":"Corinto","country_name":"Nicaragua","country_iso2":"NI","country_iso3":"NIC","unlocode":"NICIO","status":"AI","function":"1---5---","outflows":510767.4,"outflows_confidence":"STATISTICAL","grid_cell":[155,185],"snap_km":27.17,"routable":true,"confidence":"OBSERVED"},"geometry":{"type":"Point","coordinates":[-87.173,12.4825]}},{"type":"Feature","properties":{"port_id":"PORT_NIRAM","name":"Rama","name_ascii":"Rama","country_name":"Nicaragua","country_iso2":"NI","country_iso3":"NIC","unlocode":"NIRAM","status":"RL","function":"1-3--6--","outflows":9106.5,"outflows_confidence":"STATISTICAL","grid_cell":[156,192],"snap_km":67.49,"routable":true,"confidence":"OBSERVED"},"geometry":{"type":"Point","coordinates":[-84.2167,12.15]}},{"type":"Feature","properties":{"port_id":"PORT_NLAMS","name":"Amsterdam","name_ascii":"Amsterdam","country_name":"Netherlands","country_iso2":"NL","country_iso3":"NLD","unlocode":"NLAMS","status":"AF","function":"12345---","outflows":87949.33333499999,"outflows_confidence":"STATISTICAL","grid_cell":[75,368],"snap_km":41.97,"routable":true,"confidence":"OBSERVED"},"geometry":{"type":"Point","coordinates":[4.8167,52.4]}},{"type":"Feature","properties":{"port_id":"PORT_NLBOT","name":"Botlek","name_ascii":"Botlek","country_name":"Netherlands","country_iso2":"NL","country_iso3":"NLD","unlocode":"NLBOT","status":"AF","function":"1-3-----","outflows":33735.0,"outflows_confidence":"STATISTICAL","grid_cell":[76,367],"snap_km":39.54,"routable":true,"confidence":"OBSERVED"},"geometry":{"type":"Point","coordinates":[4.2833,51.8833]}},{"type":"Feature","properties":{"port_id":"PORT_NLIJM","name":"IJmuiden/Velsen","name_ascii":"IJmuiden/Velsen","country_name":"Netherlands","country_iso2":"NL","country_iso3":"NLD","unlocode":"NLIJM","status":"AF","function":"123-----","outflows":9516.0,"outflows_confidence":"STATISTICAL","grid_cell":[75,368],"snap_km":33.84,"routable":true,"confidence":"OBSERVED"},"geometry":{"type":"Point","coordinates":[4.6,52.4667]}},{"type":"Feature","properties":{"port_id":"PORT_NLMOE","name":"Moerdijk","name_ascii":"Moerdijk","country_name":"Netherlands","country_iso2":"NL","country_iso3":"NLD","unlocode":"NLMOE","status":"AF","function":"123-----","outflows":172497.0,"outflows_confidence":"STATISTICAL","grid_cell":[76,367],"snap_km":56.75,"routable":true,"confidence":"OBSERVED"},"geometry":{"type":"Point","coordinates":[4.5667,51.6833]}},{"type":"Feature","properties":{"port_id":"PORT_NLRTM","name":"Rotterdam","name_ascii":"Rotterdam","country_name":"Netherlands","country_iso2":"NL","country_iso3":"NLD","unlocode":"NLRTM","status":"AF","function":"12345---","outflows":60986246.19882,"outflows_confidence":"STATISTICAL","grid_cell":[75,368],"snap_km":40.81,"routable":true,"confidence":"OBSERVED"},"geometry":{"type":"Point","coordinates":[4.5,51.9167]}},{"type":"Feature","properties":{"port_id":"PORT_NLTNZ","name":"Terneuzen","name_ascii":"Terneuzen","country_name":"Netherlands","country_iso2":"NL","country_iso3":"NLD","unlocode":"NLTNZ","status":"AF","function":"1-3-----","outflows":24232.0,"outflows_confidence":"STATISTICAL","grid_cell":[76,367],"snap_km":31.84,"routable":true,"confidence":"OBSERVED"},"geometry":{"type":"Point","coordinates":[3.8167,51.4667]}},{"type":"Feature","properties":{"port_id":"PORT_NLVLI","name":"Vlissingen","name_ascii":"Vlissingen","country_name":"Netherlands","country_iso2":"NL","country_iso3":"NLD","unlocode":"NLVLI","status":"AF","function":"123-----","outflows":935022.4000120001,"outflows_confidence":"STATISTICAL","grid_cell":[76,367],"snap_km":33.54,"routable":true,"confidence":"OBSERVED"},"geometry":{"type":"Point","coordinates":[3.7,51.45]}},{"type":"Feature","properties":{"port_id":"PORT_NOAES","name":"Ålesund","name_ascii":"Alesund","country_name":"Norway","country_iso2":"NO","country_iso3":"NOR","unlocode":"NOAES","status":"AF","function":"1-34----","outflows":450729.5,"outflows_confidence":"STATISTICAL","grid_cell":[54,372],"snap_km":31.92,"routable":true,"confidence":"OBSERVED"},"geometry":{"type":"Point","coordinates":[6.15,62.4667]}},{"type":"Feature","properties":{"port_id":"PORT_NOARD","name":"Årdalstangen","name_ascii":"Ardalstangen","country_name":"Norway","country_iso2":"NO","country_iso3":"NOR","unlocode":"NOARD","status":"AA","function":"1-3-----","outflows":23400.0,"outflows_confidence":"STATISTICAL","grid_cell":[57,369],"snap_km":157.82,"routable":true,"confidence":"OBSERVED"},"geometry":{"type":"Point","coordinates":[7.7,61.2333]}},{"type":"Feature","properties":{"port_id":"PORT_NOAVE","name":"Averøy","name_ascii":"Averoy","country_name":"Norway","country_iso2":"NO","country_iso3":"NOR","unlocode":"NOAVE","status":"AA","function":"1-------","outflows":34164.0,"outflows_confidence":"STATISTICAL","grid_cell":[53,375],"snap_km":22.63,"routable":true,"confidence":"OBSERVED"},"geometry":{"type":"Point","coordinates":[7.6667,63.05]}},{"type":"Feature","properties":{"port_id":"PORT_NOBGO","name":"Bergen","name_ascii":"Bergen","country_name":"Norway","country_iso2":"NO","country_iso3":"NOR","unlocode":"NOBGO","status":"AA","function":"1234----","outflows":330739.5,"outflows_confidence":"STATISTICAL","grid_cell":[59,370],"snap_km":15.27,"routable":true,"confidence":"OBSERVED"},"geometry":{"type":"Point","coordinates":[5.3167,60.3833]}},{"type":"Feature","properties":{"port_id":"PORT_NOBOO","name":"Bodø","name_ascii":"Bodo","country_name":"Norway","country_iso2":"NO","country_iso3":"NOR","unlocode":"NOBOO","status":"AA","function":"1234----","outflows":9516.0,"outflows_confidence":"STATISTICAL","grid_cell":[45,388],"snap_km":6.23,"routable":true,"confidence":"OBSERVED"},"geometry":{"type":"Point","coordinates":[14.3667,67.2833]}},{"type":"Feature","properties":{"port_id":"PORT_NOBVK","name":"Brevik","name_ascii":"Brevik","country_name":"Norway","country_iso2":"NO","country_iso3":"NOR","unlocode":"NOBVK","status":"AA","function":"1-3-----","outflows":50128.0,"outflows_confidence":"STATISTICAL","grid_cell":[62,379],"snap_km":33.48,"routable":true,"confidence":"OBSERVED"},"geometry":{"type":"Point","coordinates":[9.7,59.05]}},{"type":"Feature","properties":{"port_id":"PORT_NODRM","name":"Drammen","name_ascii":"Drammen","country_name":"Norway","country_iso2":"NO","country_iso3":"NOR","unlocode":"NODRM","status":"AA","function":"123-----","outflows":145713.0,"outflows_confidence":"STATISTICAL","grid_cell":[61,381],"snap_km":61.15,"routable":true,"confidence":"OBSERVED"},"geometry":{"type":"Point","coordinates":[10.2333,59.7333]}},{"type":"Feature","properties":{"port_id":"PORT_NOEGE","name":"Egersund","name_ascii":"Egersund","country_name":"Norway","country_iso2":"NO","country_iso3":"NOR","unlocode":"NOEGE","status":"AA","function":"1-3-----","outflows":142428.0,"outflows_confidence":"STATISTICAL","grid_cell":[63,372],"snap_km":26.6,"routable":true,"confidence":"OBSERVED"},"geometry":{"type":"Point","coordinates":[6.0,58.45]}},{"type":"Feature","properties":{"port_id":"PORT_NOFRK","name":"Fredrikstad","name_ascii":"Fredrikstad","country_name":"Norway","country_iso2":"NO","country_iso3":"NOR","unlocode":"NOFRK","status":"AA","function":"123-----","outflows":111033.0,"outflows_confidence":"STATISTICAL","grid_cell":[61,381],"snap_km":10.99,"routable":true,"confidence":"OBSERVED"},"geometry":{"type":"Point","coordinates":[10.9167,59.2]}},{"type":"Feature","properties":{"port_id":"PORT_NOFRO","name":"Florø","name_ascii":"Floro","country_name":"Norway","country_iso2":"NO","country_iso3":"NOR","unlocode":"NOFRO","status":"AA","function":"1-34----","outflows":203580.0,"outflows_confidence":"STATISTICAL","grid_cell":[56,369],"snap_km":21.82,"routable":true,"confidence":"OBSERVED"},"geometry":{"type":"Point","coordinates":[5.0167,61.6]}},{"type":"Feature","properties":{"port_id":"PORT_NOFUS","name":"Fusa","name_ascii":"Fusa","country_name":"Norway","country_iso2":"NO","country_iso3":"NOR","unlocode":"NOFUS","status":"AA","function":"1-------","outflows":99528.0,"outflows_confidence":"STATISTICAL","grid_cell":[59,370],"snap_km":21.0,"routable":true,"confidence":"OBSERVED"},"geometry":{"type":"Point","coordinates":[5.6167,60.2]}},{"type":"Feature","properties":{"port_id":"PORT_NOGJM","name":"Gjemnes","name_ascii":"Gjemnes","country_name":"Norway","country_iso2":"NO","country_iso3":"NOR","unlocode":"NOGJM","status":"AI","function":"1-------","outflows":135486.0,"outflows_confidence":"STATISTICAL","grid_cell":[53,376],"snap_km":40.63,"routable":true,"confidence":"OBSERVED"},"geometry":{"type":"Point","coordinates":[8.086,62.8922]}},{"type":"Feature","properties":{"port_id":"PORT_NOGLO","name":"Glomfjord","name_ascii":"Glomfjord","country_name":"Norway","country_iso2":"NO","country_iso3":"NOR","unlocode":"NOGLO","status":"AA","function":"1-3-----","outflows":34164.0,"outflows_confidence":"STATISTICAL","grid_cell":[46,386],"snap_km":30.47,"routable":true,"confidence":"OBSERVED"},"geometry":{"type":"Point","coordinates":[13.9333,66.8]}},{"type":"Feature","properties":{"port_id":"PORT_NOHAU","name":"Haugesund","name_ascii":"Haugesund","country_name":"Norway","country_iso2":"NO","country_iso3":"NOR","unlocode":"NOHAU","status":"AA","function":"1-34----","outflows":337486.5,"outflows_confidence":"STATISTICAL","grid_cell":[61,370],"snap_km":16.68,"routable":true,"confidence":"OBSERVED"},"geometry":{"type":"Point","coordinates":[5.25,59.4]}},{"type":"Feature","properties":{"port_id":"PORT_NOHFT","name":"Hammerfest","name_ascii":"Hammerfest","country_name":"Norway","country_iso2":"NO","country_iso3":"NOR","unlocode":"NOHFT","status":"AA","function":"1-34----","outflows":9516.0,"outflows_confidence":"STATISTICAL","grid_cell":[38,407],"snap_km":11.53,"routable":true,"confidence":"OBSERVED"},"geometry":{"type":"Point","coordinates":[23.6667,70.65]}},{"type":"Feature","properties":{"port_id":"PORT_NOHLA","name":"Holla","name_ascii":"Holla","country_name":"Norway","country_iso2":"NO","country_iso3":"NOR","unlocode":"NOHLA","status":"RL","function":"--3-----","outflows":45630.0,"outflows_confidence":"STATISTICAL","grid_cell":[61,381],"snap_km":96.78,"routable":true,"confidence":"OBSERVED"},"geometry":{"type":"Point","coordinates":[9.1833,59.6]}},{"type":"Feature","properties":{"port_id":"PORT_NOHOY","name":"Husøy - Tønsberg","name_ascii":"Husoy - Tonsberg","country_name":"Norway","country_iso2":"NO","country_iso3":"NOR","unlocode":"NOHOY","status":"AA","function":"1-3-----","outflows":17160.0,"outflows_confidence":"STATISTICAL","grid_cell":[61,381],"snap_km":17.16,"routable":true,"confidence":"OBSERVED"},"geometry":{"type":"Point","coordinates":[10.45,59.2333]}},{"type":"Feature","properties":{"port_id":"PORT_NOHRD","name":"Harstad","name_ascii":"Harstad","country_name":"Norway","country_iso2":"NO","country_iso3":"NOR","unlocode":"NOHRD","status":"AA","function":"1-3-----","outflows":9516.0,"outflows_confidence":"STATISTICAL","grid_cell":[42,393],"snap_km":9.48,"routable":true,"confidence":"OBSERVED"},"geometry":{"type":"Point","coordinates":[16.5333,68.7833]}},{"type":"Feature","properties":{"port_id":"PORT_NOHVI","name":"Håvik","name_ascii":"Havik","country_name":"Norway","country_iso2":"NO","country_iso3":"NOR","unlocode":"NOHVI","status":"AA","function":"1-3-----","outflows":116610.0,"outflows_confidence":"STATISTICAL","grid_cell":[61,370],"snap_km":6.73,"routable":true,"confidence":"OBSERVED"},"geometry":{"type":"Point","coordinates":[5.3167,59.3]}},{"type":"Feature","properties":{"port_id":"PORT_NOHYR","name":"Høyanger","name_ascii":"Hoyanger","country_name":"Norway","country_iso2":"NO","country_iso3":"NOR","unlocode":"NOHYR","status":"AA","function":"1-3-----","outflows":39357.5,"outflows_confidence":"STATISTICAL","grid_cell":[57,369],"snap_km":69.66,"routable":true,"confidence":"OBSERVED"},"geometry":{"type":"Point","coordinates":[6.05,61.2167]}},{"type":"Feature","properties":{"port_id":"PORT_NOIKR","name":"Ikornnes","name_ascii":"Ikornnes","country_name":"Norway","country_iso2":"NO","country_iso3":"NOR","unlocode":"NOIKR","status":"AA","function":"1-3-----","outflows":69888.0,"outflows_confidence":"STATISTICAL","grid_cell":[54,373],"snap_km":42.04,"routable":true,"confidence":"OBSERVED"},"geometry":{"type":"Point","coordinates":[6.55,62.3833]}},{"type":"Feature","properties":{"port_id":"PORT_NOKRS","name":"Kristiansand","name_ascii":"Kristiansand","country_name":"Norway","country_iso2":"NO","country_iso3":"NOR","unlocode":"NOKRS","status":"AA","function":"123-----","outflows":86460.0,"outflows_confidence":"STATISTICAL","grid_cell":[64,375],"snap_km":44.79,"routable":true,"confidence":"OBSERVED"},"geometry":{"type":"Point","coordinates":[7.9833,58.1333]}},{"type":"Feature","properties":{"port_id":"PORT_NOLAR","name":"Larvik","name_ascii":"Larvik","country_name":"Norway","country_iso2":"NO","country_iso3":"NOR","unlocode":"NOLAR","status":"AA","function":"123-----","outflows":123903.0,"outflows_confidence":"STATISTICAL","grid_cell":[62,380],"snap_km":34.24,"routable":true,"confidence":"OBSERVED"},"geometry":{"type":"Point","coordinates":[10.0167,59.0333]}},{"type":"Feature","properties":{"port_id":"PORT_NOMAY","name":"Måløy","name_ascii":"Maloy","country_name":"Norway","country_iso2":"NO","country_iso3":"NOR","unlocode":"NOMAY","status":"AF","function":"1-3-----","outflows":347613.5,"outflows_confidence":"STATISTICAL","grid_cell":[56,369],"snap_km":27.44,"routable":true,"confidence":"OBSERVED"},"geometry":{"type":"Point","coordinates":[5.1,61.9333]}},{"type":"Feature","properties":{"port_id":"PORT_NOMJF","name":"Mosjøen","name_ascii":"Mosjoen","country_name":"Norway","country_iso2":"NO","country_iso3":"NOR","unlocode":"NOMJF","status":"AF","function":"1234----","outflows":42276.0,"outflows_confidence":"STATISTICAL","grid_cell":[48,384],"snap_km":44.3,"routable":true,"confidence":"OBSERVED"},"geometry":{"type":"Point","coordinates":[13.2,65.8333]}},{"type":"Feature","properties":{"port_id":"PORT_NOMOL","name":"Molde","name_ascii":"Molde","country_name":"Norway","country_iso2":"NO","country_iso3":"NOR","unlocode":"NOMOL","status":"AA","function":"1-34----","outflows":9516.0,"outflows_confidence":"STATISTICAL","grid_cell":[54,373],"snap_km":20.46,"routable":true,"confidence":"OBSERVED"},"geometry":{"type":"Point","coordinates":[7.15,62.7333]}},{"type":"Feature","properties":{"port_id":"PORT_NOMSS","name":"Moss","name_ascii":"Moss","country_name":"Norway","country_iso2":"NO","country_iso3":"NOR","unlocode":"NOMSS","status":"AA","function":"123-----","outflows":51012.0,"outflows_confidence":"STATISTICAL","grid_cell":[61,381],"snap_km":19.38,"routable":true,"confidence":"OBSERVED"},"geometry":{"type":"Point","coordinates":[10.65,59.4167]}},{"type":"Feature","properties":{"port_id":"PORT_NOODD","name":"Odda","name_ascii":"Odda","country_name":"Norway","country_iso2":"NO","country_iso3":"NOR","unlocode":"NOODD","status":"AA","function":"1-3-----","outflows":19240.0,"outflows_confidence":"STATISTICAL","grid_cell":[59,370],"snap_km":73.88,"routable":true,"confidence":"OBSERVED"},"geometry":{"type":"Point","coordinates":[6.5333,60.0667]}},{"type":"Feature","properties":{"port_id":"PORT_NOORK","name":"Orkanger","name_ascii":"Orkanger","country_name":"Norway","country_iso2":"NO","country_iso3":"NOR","unlocode":"NOORK","status":"AA","function":"1-3-----","outflows":132567.5,"outflows_confidence":"STATISTICAL","grid_cell":[52,379],"snap_km":48.36,"routable":true,"confidence":"OBSERVED"},"geometry":{"type":"Point","coordinates":[9.8333,63.3167]}},{"type":"Feature","properties":{"port_id":"PORT_NOOSL","name":"Oslo","name_ascii":"Oslo","country_name":"Norway","country_iso2":"NO","country_iso3":"NOR","unlocode":"NOOSL","status":"AA","function":"12345---","outflows":370877.0,"outflows_confidence":"STATISTICAL","grid_cell":[61,381],"snap_km":72.28,"routable":true,"confidence":"OBSERVED"},"geometry":{"type":"Point","coordinates":[10.7333,59.9]}},{"type":"Feature","properties":{"port_id":"PORT_NOSAT","name":"Salten","name_ascii":"Salten","country_name":"Norway","country_iso2":"NO","country_iso3":"NOR","unlocode":"NOSAT","status":"AA","function":"1-3-----","outflows":34164.0,"outflows_confidence":"STATISTICAL","grid_cell":[44,389],"snap_km":55.39,"routable":true,"confidence":"OBSERVED"},"geometry":{"type":"Point","coordinates":[15.5833,67.3667]}},{"type":"Feature","properties":{"port_id":"PORT_NOSKN","name":"Stokmarknes","name_ascii":"Stokmarknes","country_name":"Norway","country_iso2":"NO","country_iso3":"NOR","unlocode":"NOSKN","status":"AA","function":"1-34----","outflows":34164.0,"outflows_confidence":"STATISTICAL","grid_cell":[42,389],"snap_km":21.27,"routable":true,"confidence":"OBSERVED"},"geometry":{"type":"Point","coordinates":[14.9,68.5667]}},{"type":"Feature","properties":{"port_id":"PORT_NOSUN","name":"Sunndalsøra","name_ascii":"Sunndalsora","country_name":"Norway","country_iso2":"NO","country_iso3":"NOR","unlocode":"NOSUN","status":"AF","function":"1-3-----","outflows":107250.0,"outflows_confidence":"STATISTICAL","grid_cell":[53,376],"snap_km":66.61,"routable":true,"confidence":"OBSERVED"},"geometry":{"type":"Point","coordinates":[8.55,62.6667]}},{"type":"Feature","properties":{"port_id":"PORT_NOSVE","name":"Svelgen","name_ascii":"Svelgen","country_name":"Norway","country_iso2":"NO","country_iso3":"NOR","unlocode":"NOSVE","status":"AA","function":"1-3-----","outflows":34164.0,"outflows_confidence":"STATISTICAL","grid_cell":[56,369],"snap_km":28.12,"routable":true,"confidence":"OBSERVED"},"geometry":{"type":"Point","coordinates":[5.2833,61.7667]}},{"type":"Feature","properties":{"port_id":"PORT_NOSVG","name":"Stavanger","name_ascii":"Stavanger","country_name":"Norway","country_iso2":"NO","country_iso3":"NOR","unlocode":"NOSVG","status":"AI","function":"1234----","outflows":99528.0,"outflows_confidence":"STATISTICAL","grid_cell":[61,371],"snap_km":31.51,"routable":true,"confidence":"OBSERVED"},"geometry":{"type":"Point","coordinates":[5.75,58.9667]}},{"type":"Feature","properties":{"port_id":"PORT_NOSVJ","name":"Svolvær","name_ascii":"Svolvar","country_name":"Norway","country_iso2":"NO","country_iso3":"NOR","unlocode":"NOSVJ","status":"AA","function":"1-34----","outflows":9516.0,"outflows_confidence":"STATISTICAL","grid_cell":[43,389],"snap_km":9.04,"routable":true,"confidence":"OBSERVED"},"geometry":{"type":"Point","coordinates":[14.55,68.2167]}},{"type":"Feature","properties":{"port_id":"PORT_NOTAE","name":"Tananger","name_ascii":"Tananger","country_name":"Norway","country_iso2":"NO","country_iso3":"NOR","unlocode":"NOTAE","status":"AA","function":"1-3-----","outflows":348445.5,"outflows_confidence":"STATISTICAL","grid_cell":[62,370],"snap_km":26.67,"routable":true,"confidence":"OBSERVED"},"geometry":{"type":"Point","coordinates":[5.5833,58.9167]}},{"type":"Feature","properties":{"port_id":"PORT_NOTOS","name":"Tromsø","name_ascii":"Tromso","country_name":"Norway","country_iso2":"NO","country_iso3":"NOR","unlocode":"NOTOS","status":"AI","function":"1-34----","outflows":9516.0,"outflows_confidence":"STATISTICAL","grid_cell":[40,397],"snap_km":12.48,"routable":true,"confidence":"OBSERVED"},"geometry":{"type":"Point","coordinates":[18.9667,69.6667]}},{"type":"Feature","properties":{"port_id":"PORT_NOTRD","name":"Trondheim","name_ascii":"Trondheim","country_name":"Norway","country_iso2":"NO","country_iso3":"NOR","unlocode":"NOTRD","status":"AA","function":"1234----","outflows":9516.0,"outflows_confidence":"STATISTICAL","grid_cell":[52,379],"snap_km":47.68,"routable":true,"confidence":"OBSERVED"},"geometry":{"type":"Point","coordinates":[10.4,63.4333]}},{"type":"Feature","properties":{"port_id":"PORT_NRINU","name":"Nauru Island","name_ascii":"Nauru Island","country_name":"Nauru","country_iso2":"NR","country_iso3":"NRU","unlocode":"NRINU","status":"AI","function":"1--45---","outflows":3756.0,"outflows_confidence":"STATISTICAL","grid_cell":[181,693],"snap_km":28.95,"routable":true,"confidence":"OBSERVED"},"geometry":{"type":"Point","coordinates":[166.9167,-0.55]}},{"type":"Feature","properties":{"port_id":"PORT_NZAKL","name":"Auckland","name_ascii":"Auckland","country_name":"New Zealand","country_iso2":"NZ","country_iso3":"NZL","unlocode":"NZAKL","status":"AC","function":"12345---","outflows":3839723.354839999,"outflows_confidence":"STATISTICAL","grid_cell":[253,710],"snap_km":41.13,"routable":true,"confidence":"OBSERVED"},"geometry":{"type":"Point","coordinates":[174.8,-36.8333]}},{"type":"Feature","properties":{"port_id":"PORT_NZBLU","name":"Bluff","name_ascii":"Bluff","country_name":"New Zealand","country_iso2":"NZ","country_iso3":"NZL","unlocode":"NZBLU","status":"AC","function":"123-----","outflows":537012.66663,"outflows_confidence":"STATISTICAL","grid_cell":[273,696],"snap_km":17.44,"routable":true,"confidence":"OBSERVED"},"geometry":{"type":"Point","coordinates":[168.3167,-46.6]}},{"type":"Feature","properties":{"port_id":"PORT_NZLYT","name":"Lyttelton","name_ascii":"Lyttelton","country_name":"New Zealand","country_iso2":"NZ","country_iso3":"NZL","unlocode":"NZLYT","status":"AC","function":"1-3-----","outflows":2992885.6903999997,"outflows_confidence":"STATISTICAL","grid_cell":[267,706],"snap_km":46.02,"routable":true,"confidence":"OBSERVED"},"geometry":{"type":"Point","coordinates":[172.7167,-43.6]}},{"type":"Feature","properties":{"port_id":"PORT_NZMAP","name":"Marsden Point","name_ascii":"Marsden Point","country_name":"New Zealand","country_iso2":"NZ","country_iso3":"NZL","unlocode":"NZMAP","status":"AC","function":"1-3-----","outflows":722904.00003,"outflows_confidence":"STATISTICAL","grid_cell":[251,709],"snap_km":24.38,"routable":true,"confidence":"OBSERVED"},"geometry":{"type":"Point","coordinates":[174.5,-35.8333]}},{"type":"Feature","properties":{"port_id":"PORT_NZNPE","name":"Napier","name_ascii":"Napier","country_name":"New Zealand","country_iso2":"NZ","country_iso3":"NZL","unlocode":"NZNPE","status":"AC","function":"1--4----","outflows":3423163.569289999,"outflows_confidence":"STATISTICAL","grid_cell":[258,714],"snap_km":38.55,"routable":true,"confidence":"OBSERVED"},"geometry":{"type":"Point","coordinates":[176.9,-39.4667]}},{"type":"Feature","properties":{"port_id":"PORT_NZNSN","name":"Nelson","name_ascii":"Nelson","country_name":"New Zealand","country_iso2":"NZ","country_iso3":"NZL","unlocode":"NZNSN","status":"AC","function":"1-34----","outflows":1229461.9998700004,"outflows_confidence":"STATISTICAL","grid_cell":[261,706],"snap_km":55.62,"routable":true,"confidence":"OBSERVED"},"geometry":{"type":"Point","coordinates":[173.2667,-41.25]}},{"type":"Feature","properties":{"port_id":"PORT_NZPOE","name":"Port Chalmers","name_ascii":"Port Chalmers","country_name":"New Zealand","country_iso2":"NZ","country_iso3":"NZL","unlocode":"NZPOE","status":"AC","function":"1-------","outflows":1736542.9262700006,"outflows_confidence":"STATISTICAL","grid_cell":[271,701],"snap_km":13.79,"routable":true,"confidence":"OBSERVED"},"geometry":{"type":"Point","coordinates":[170.6,-45.8167]}},{"type":"Feature","properties":{"port_id":"PORT_NZTIU","name":"Timaru","name_ascii":"Timaru","country_name":"New Zealand","country_iso2":"NZ","country_iso3":"NZL","unlocode":"NZTIU","status":"AC","function":"1234----","outflows":1399570.2597300003,"outflows_confidence":"STATISTICAL","grid_cell":[269,702],"snap_km":40.77,"routable":true,"confidence":"OBSERVED"},"geometry":{"type":"Point","coordinates":[171.25,-44.3833]}},{"type":"Feature","properties":{"port_id":"PORT_NZTRG","name":"Tauranga","name_ascii":"Tauranga","country_name":"New Zealand","country_iso2":"NZ","country_iso3":"NZL","unlocode":"NZTRG","status":"AI","function":"1234----","outflows":6568750.56919,"outflows_confidence":"STATISTICAL","grid_cell":[254,712],"snap_km":48.74,"routable":true,"confidence":"OBSERVED"},"geometry":{"type":"Point","coordinates":[176.1667,-37.6833]}},{"type":"Feature","properties":{"port_id":"PORT_NZWLG","name":"Wellington","name_ascii":"Wellington","country_name":"New Zealand","country_iso2":"NZ","country_iso3":"NZL","unlocode":"NZWLG","status":"AC","function":"1234----","outflows":1605903.30931,"outflows_confidence":"STATISTICAL","grid_cell":[262,709],"snap_km":3.35,"routable":true,"confidence":"OBSERVED"},"geometry":{"type":"Point","coordinates":[174.7833,-41.2667]}},{"type":"Feature","properties":{"port_id":"PORT_OMSLL","name":"Salalah","name_ascii":"Salalah","country_name":"Oman","country_iso2":"OM","country_iso3":"OMN","unlocode":"OMSLL","status":"AI","function":"1--4----","outflows":20488113.65606999,"outflows_confidence":"STATISTICAL","grid_cell":[146,468],"snap_km":33.91,"routable":true,"confidence":"OBSERVED"},"geometry":{"type":"Point","coordinates":[54.0924,17.015]}},{"type":"Feature","properties":{"port_id":"PORT_OMSOH","name":"Sohar","name_ascii":"Sohar","country_name":"Oman","country_iso2":"OM","country_iso3":"OMN","unlocode":"OMSOH","status":"QQ","function":"1-------","outflows":5253518.9085,"outflows_confidence":"STATISTICAL","grid_cell":[130,473],"snap_km":44.95,"routable":true,"confidence":"OBSERVED"},"geometry":{"type":"Point","coordinates":[56.7094,24.3474]}},{"type":"Feature","properties":{"port_id":"PORT_PABLB","name":"Balboa","name_ascii":"Balboa","country_name":"Panama","country_iso2":"PA","country_iso3":"PAN","unlocode":"PABLB","status":"AI","function":"1-------","outflows":13017890.895410001,"outflows_confidence":"STATISTICAL","grid_cell":[162,201],"snap_km":41.19,"routable":true,"confidence":"OBSERVED"},"geometry":{"type":"Point","coordinates":[-79.5667,8.9481]}},{"type":"Feature","properties":{"port_id":"PORT_PACSO","name":"Coco Solo","name_ascii":"Coco Solo","country_name":"Panama","country_iso2":"PA","country_iso3":"PAN","unlocode":"PACSO","status":"RQ","function":"--3-----","outflows":340795.0,"outflows_confidence":"STATISTICAL","grid_cell":[161,199],"snap_km":42.59,"routable":true,"confidence":"OBSERVED"},"geometry":{"type":"Point","coordinates":[-79.8817,9.3709]}},{"type":"Feature","properties":{"port_id":"PORT_PACTB","name":"Cristóbal","name_ascii":"Cristobal","country_name":"Panama","country_iso2":"PA","country_iso3":"PAN","unlocode":"PACTB","status":"AI","function":"1-------","outflows":7696418.251089999,"outflows_confidence":"STATISTICAL","grid_cell":[161,199],"snap_km":39.98,"routable":true,"confidence":"OBSERVED"},"geometry":{"type":"Point","coordinates":[-79.9,9.35]}},{"type":"Feature","properties":{"port_id":"PORT_PAMIT","name":"Manzanillo","name_ascii":"Manzanillo","country_name":"Panama","country_iso2":"PA","country_iso3":"PAN","unlocode":"PAMIT","status":"AI","function":"123-----","outflows":13509667.60666,"outflows_confidence":"STATISTICAL","grid_cell":[165,197],"snap_km":33.17,"routable":true,"confidence":"OBSERVED"},"geometry":{"type":"Point","coordinates":[-81.1667,7.5367]}},{"type":"Feature","properties":{"port_id":"PORT_PAONX","name":"Colón","name_ascii":"Colon","country_name":"Panama","country_iso2":"PA","country_iso3":"PAN","unlocode":"PAONX","status":"AI","function":"1-345---","outflows":5425996.688040001,"outflows_confidence":"STATISTICAL","grid_cell":[161,199],"snap_km":43.51,"routable":true,"confidence":"OBSERVED"},"geometry":{"type":"Point","coordinates":[-79.8667,9.35]}},{"type":"Feature","properties":{"port_id":"PORT_PAPAM","name":"Almirante","name_ascii":"Almirante","country_name":"Panama","country_iso2":"PA","country_iso3":"PAN","unlocode":"PAPAM","status":"AI","function":"1-------","outflows":265850.0,"outflows_confidence":"STATISTICAL","grid_cell":[161,195],"snap_km":17.59,"routable":true,"confidence":"OBSERVED"},"geometry":{"type":"Point","coordinates":[-82.4018,9.3009]}},{"type":"Feature","properties":{"port_id":"PORT_PAPTY","name":"Panamá, Ciudad de","name_ascii":"Panama, Ciudad de","country_name":"Panama","country_iso2":"PA","country_iso3":"PAN","unlocode":"PAPTY","status":"AI","function":"1-345---","outflows":13494.0,"outflows_confidence":"STATISTICAL","grid_cell":[162,201],"snap_km":39.36,"routable":true,"confidence":"OBSERVED"},"geometry":{"type":"Point","coordinates":[-79.5333,8.9667]}},{"type":"Feature","properties":{"port_id":"PORT_PAROD","name":"Rodman","name_ascii":"Rodman","country_name":"Panama","country_iso2":"PA","country_iso3":"PAN","unlocode":"PAROD","status":"RL","function":"1-------","outflows":4784764.0453200005,"outflows_confidence":"STATISTICAL","grid_cell":[162,201],"snap_km":41.29,"routable":true,"confidence":"OBSERVED"},"geometry":{"type":"Point","coordinates":[-79.5667,8.95]}},{"type":"Feature","properties":{"port_id":"PORT_PECLL","name":"Callao","name_ascii":"Callao","country_name":"Peru","country_iso2":"PE","country_iso3":"PER","unlocode":"PECLL","status":"AI","function":"1-------","outflows":15247664.79189,"outflows_confidence":"STATISTICAL","grid_cell":[204,205],"snap_km":25.85,"routable":true,"confidence":"OBSERVED"},"geometry":{"type":"Point","coordinates":[-77.1181,-12.0566]}},{"type":"Feature","properties":{"port_id":"PORT_PEILQ","name":"Ilo","name_ascii":"Ilo","country_name":"Peru","country_iso2":"PE","country_iso3":"PER","unlocode":"PEILQ","status":"AI","function":"1--4----","outflows":83616.0,"outflows_confidence":"STATISTICAL","grid_cell":[215,217],"snap_km":16.3,"routable":true,"confidence":"OBSERVED"},"geometry":{"type":"Point","coordinates":[-71.3411,-17.6319]}},{"type":"Feature","properties":{"port_id":"PORT_PEIQT","name":"Iquitos","name_ascii":"Iquitos","country_name":"Peru","country_iso2":"PE","country_iso3":"PER","unlocode":"PEIQT","status":"AI","function":"1--4----","outflows":9675.0,"outflows_confidence":"STATISTICAL","grid_cell":null,"snap_km":null,"routable":false,"confidence":"OBSERVED"},"geometry":{"type":"Point","coordinates":[-73.2538,-3.7491]}},{"type":"Feature","properties":{"port_id":"PORT_PEMRI","name":"Matarani","name_ascii":"Matarani","country_name":"Peru","country_iso2":"PE","country_iso3":"PER","unlocode":"PEMRI","status":"AI","function":"1-------","outflows":98962.5,"outflows_confidence":"STATISTICAL","grid_cell":[214,215],"snap_km":32.1,"routable":true,"confidence":"OBSERVED"},"geometry":{"type":"Point","coordinates":[-72.1056,-16.9964]}},{"type":"Feature","properties":{"port_id":"PORT_PEPAI","name":"Paita","name_ascii":"Paita","country_name":"Peru","country_iso2":"PE","country_iso3":"PER","unlocode":"PEPAI","status":"AI","function":"1-------","outflows":1763103.4120800004,"outflows_confidence":"STATISTICAL","grid_cell":[190,197],"snap_km":23.35,"routable":true,"confidence":"OBSERVED"},"geometry":{"type":"Point","coordinates":[-81.1144,-5.0892]}},{"type":"Feature","properties":{"port_id":"PORT_PEPIO","name":"Pisco","name_ascii":"Pisco","country_name":"Peru","country_iso2":"PE","country_iso3":"PER","unlocode":"PEPIO","status":"AI","function":"1--4----","outflows":121628.0,"outflows_confidence":"STATISTICAL","grid_cell":[207,206],"snap_km":58.99,"routable":true,"confidence":"OBSERVED"},"geometry":{"type":"Point","coordinates":[-76.2054,-13.7103]}},{"type":"Feature","properties":{"port_id":"PORT_PFBOB","name":"Bora Bora","name_ascii":"Bora Bora","country_name":"French Polynesia","country_iso2":"PF","country_iso3":"PYF","unlocode":"PFBOB","status":"AI","function":"1--4----","outflows":726.75,"outflows_confidence":"STATISTICAL","grid_cell":[212,56],"snap_km":22.24,"routable":true,"confidence":"OBSERVED"},"geometry":{"type":"Point","coordinates":[-151.75,-16.45]}},{"type":"Feature","properties":{"port_id":"PORT_PFPPT","name":"Papeete","name_ascii":"Papeete","country_name":"French Polynesia","country_iso2":"PF","country_iso3":"PYF","unlocode":"PFPPT","status":"AI","function":"1--45---","outflows":1092395.0833000003,"outflows_confidence":"STATISTICAL","grid_cell":[215,60],"snap_km":26.35,"routable":true,"confidence":"OBSERVED"},"geometry":{"type":"Point","coordinates":[-149.6167,-17.55]}},{"type":"Feature","properties":{"port_id":"PORT_PGBUA","name":"Buka","name_ascii":"Buka","country_name":"Papua New Guinea","country_iso2":"PG","country_iso3":"PNG","unlocode":"PGBUA","status":"AI","function":"1--4----","outflows":15808.0,"outflows_confidence":"STATISTICAL","grid_cell":[190,669],"snap_km":22.11,"routable":true,"confidence":"OBSERVED"},"geometry":{"type":"Point","coordinates":[154.671,-5.4326]}},{"type":"Feature","properties":{"port_id":"PORT_PGGUR","name":"Alotau","name_ascii":"Alotau","country_name":"Papua New Guinea","country_iso2":"PG","country_iso3":"PNG","unlocode":"PGGUR","status":"AI","function":"1--4----","outflows":15808.0,"outflows_confidence":"STATISTICAL","grid_cell":[200,661],"snap_km":32.82,"routable":true,"confidence":"OBSERVED"},"geometry":{"type":"Point","coordinates":[150.4574,-10.3151]}},{"type":"Feature","properties":{"port_id":"PORT_PGKIM","name":"Kimbe","name_ascii":"Kimbe","country_name":"Papua New Guinea","country_iso2":"PG","country_iso3":"PNG","unlocode":"PGKIM","status":"QQ","function":"1-------","outflows":99364.0,"outflows_confidence":"STATISTICAL","grid_cell":[190,660],"snap_km":35.69,"routable":true,"confidence":"OBSERVED"},"geometry":{"type":"Point","coordinates":[150.1377,-5.5508]}},{"type":"Feature","properties":{"port_id":"PORT_PGLAE","name":"Lae","name_ascii":"Lae","country_name":"Papua New Guinea","country_iso2":"PG","country_iso3":"PNG","unlocode":"PGLAE","status":"AI","function":"1--4----","outflows":836183.916653,"outflows_confidence":"STATISTICAL","grid_cell":[193,654],"snap_km":28.19,"routable":true,"confidence":"OBSERVED"},"geometry":{"type":"Point","coordinates":[146.9961,-6.7233]}},{"type":"Feature","properties":{"port_id":"PORT_PGMAG","name":"Madang","name_ascii":"Madang","country_name":"Papua New Guinea","country_iso2":"PG","country_iso3":"PNG","unlocode":"PGMAG","status":"AI","function":"1--4----","outflows":168130.0,"outflows_confidence":"STATISTICAL","grid_cell":[190,652],"snap_km":51.81,"routable":true,"confidence":"OBSERVED"},"geometry":{"type":"Point","coordinates":[145.7833,-5.2167]}},{"type":"Feature","properties":{"port_id":"PORT_PGMTK","name":"Motukea Island","name_ascii":"Motukea Island","country_name":"Papua New Guinea","country_iso2":"PG","country_iso3":"PNG","unlocode":"PGMTK","status":"RL","function":"1-------","outflows":301007.5,"outflows_confidence":"STATISTICAL","grid_cell":[199,654],"snap_km":38.86,"routable":true,"confidence":"OBSERVED"},"geometry":{"type":"Point","coordinates":[147.1,-9.4333]}},{"type":"Feature","properties":{"port_id":"PORT_PGPOM","name":"Port Moresby","name_ascii":"Port Moresby","country_name":"Papua New Guinea","country_iso2":"PG","country_iso3":"PNG","unlocode":"PGPOM","status":"AI","function":"1--4----","outflows":402247.083312,"outflows_confidence":"STATISTICAL","grid_cell":[199,654],"snap_km":32.22,"routable":true,"confidence":"OBSERVED"},"geometry":{"type":"Point","coordinates":[147.1509,-9.4772]}},{"type":"Feature","properties":{"port_id":"PORT_PGRAB","name":"Rabaul","name_ascii":"Rabaul","country_name":"Papua New Guinea","country_iso2":"PG","country_iso3":"PNG","unlocode":"PGRAB","status":"AI","function":"1--4----","outflows":115172.0,"outflows_confidence":"STATISTICAL","grid_cell":[188,664],"snap_km":11.12,"routable":true,"confidence":"OBSERVED"},"geometry":{"type":"Point","coordinates":[152.163,-4.2004]}},{"type":"Feature","properties":{"port_id":"PORT_PGWWK","name":"Wewak","name_ascii":"Wewak","country_name":"Papua New Guinea","country_iso2":"PG","country_iso3":"PNG","unlocode":"PGWWK","status":"AI","function":"1--4----","outflows":43795.0,"outflows_confidence":"STATISTICAL","grid_cell":[186,647],"snap_km":35.79,"routable":true,"confidence":"OBSERVED"},"geometry":{"type":"Point","coordinates":[143.6323,-3.5496]}},{"type":"Feature","properties":{"port_id":"PORT_PHBCD","name":"Bacolod, Negros","name_ascii":"Bacolod, Negros","country_name":"Philippines","country_iso2":"PH","country_iso3":"PHL","unlocode":"PHBCD","status":"AI","function":"1--4----","outflows":18806.0,"outflows_confidence":"STATISTICAL","grid_cell":[158,605],"snap_km":23.74,"routable":true,"confidence":"OBSERVED"},"geometry":{"type":"Point","coordinates":[122.95,10.6667]}},{"type":"Feature","properties":{"port_id":"PORT_PHBTG","name":"Batangas/Luzon","name_ascii":"Batangas/Luzon","country_name":"Philippines","country_iso2":"PH","country_iso3":"PHL","unlocode":"PHBTG","status":"AI","function":"1-3--6--","outflows":1811559.5,"outflows_confidence":"STATISTICAL","grid_cell":[152,601],"snap_km":32.4,"routable":true,"confidence":"OBSERVED"},"geometry":{"type":"Point","coordinates":[121.05,13.75]}},{"type":"Feature","properties":{"port_id":"PORT_PHCBO","name":"Cotabato, Mindanao","name_ascii":"Cotabato, Mindanao","country_name":"Philippines","country_iso2":"PH","country_iso3":"PHL","unlocode":"PHCBO","status":"AI","function":"1--4----","outflows":29328.0,"outflows_confidence":"STATISTICAL","grid_cell":[165,607],"snap_km":54.84,"routable":true,"confidence":"OBSERVED"},"geometry":{"type":"Point","coordinates":[124.2464,7.2236]}},{"type":"Feature","properties":{"port_id":"PORT_PHCEB","name":"Cebu","name_ascii":"Cebu","country_name":"Philippines","country_iso2":"PH","country_iso3":"PHL","unlocode":"PHCEB","status":"AI","function":"1--4----","outflows":1378464.0,"outflows_confidence":"STATISTICAL","grid_cell":[159,608],"snap_km":40.0,"routable":true,"confidence":"OBSERVED"},"geometry":{"type":"Point","coordinates":[123.8907,10.3167]}},{"type":"Feature","properties":{"port_id":"PORT_PHCGY","name":"Cagayan de Oro, Mindanao","name_ascii":"Cagayan de Oro, Mindanao","country_name":"Philippines","country_iso2":"PH","country_iso3":"PHL","unlocode":"PHCGY","status":"AI","function":"1--4----","outflows":1437089.1667599997,"outflows_confidence":"STATISTICAL","grid_cell":[162,609],"snap_km":31.85,"routable":true,"confidence":"OBSERVED"},"geometry":{"type":"Point","coordinates":[124.6472,8.4822]}},{"type":"Feature","properties":{"port_id":"PORT_PHDGT","name":"Dumaguete","name_ascii":"Dumaguete","country_name":"Philippines","country_iso2":"PH","country_iso3":"PHL","unlocode":"PHDGT","status":"AI","function":"1--4----","outflows":27546.0,"outflows_confidence":"STATISTICAL","grid_cell":[161,607],"snap_km":49.51,"routable":true,"confidence":"OBSERVED"},"geometry":{"type":"Point","coordinates":[123.3026,9.3072]}},{"type":"Feature","properties":{"port_id":"PORT_PHGES","name":"General Santos","name_ascii":"General Santos","country_name":"Philippines","country_iso2":"PH","country_iso3":"PHL","unlocode":"PHGES","status":"AI","function":"1-34----","outflows":925870.83341,"outflows_confidence":"STATISTICAL","grid_cell":[168,610],"snap_km":42.24,"routable":true,"confidence":"OBSERVED"},"geometry":{"type":"Point","coordinates":[125.15,6.1167]}},{"type":"Feature","properties":{"port_id":"PORT_PHMNL","name":"Manila","name_ascii":"Manila","country_name":"Philippines","country_iso2":"PH","country_iso3":"PHL","unlocode":"PHMNL","status":"AI","function":"1--45---","outflows":7135131.143180001,"outflows_confidence":"STATISTICAL","grid_cell":[150,600],"snap_km":80.41,"routable":true,"confidence":"OBSERVED"},"geometry":{"type":"Point","coordinates":[120.9822,14.6042]}},{"type":"Feature","properties":{"port_id":"PORT_PHOZC","name":"Ozamis, Mindanao","name_ascii":"Ozamis, Mindanao","country_name":"Philippines","country_iso2":"PH","country_iso3":"PHL","unlocode":"PHOZC","status":"AI","function":"1--4----","outflows":10976.0,"outflows_confidence":"STATISTICAL","grid_cell":[164,607],"snap_km":45.37,"routable":true,"confidence":"OBSERVED"},"geometry":{"type":"Point","coordinates":[123.8405,8.1481]}},{"type":"Feature","properties":{"port_id":"PORT_PHPLC","name":"Polloc","name_ascii":"Polloc","country_name":"Philippines","country_iso2":"PH","country_iso3":"PHL","unlocode":"PHPLC","status":"RQ","function":"1-3-----","outflows":11193.0,"outflows_confidence":"STATISTICAL","grid_cell":[165,607],"snap_km":53.19,"routable":true,"confidence":"OBSERVED"},"geometry":{"type":"Point","coordinates":[124.2209,7.3534]}},{"type":"Feature","properties":{"port_id":"PORT_PHPPS","name":"Puerto Princesa, Palawan","name_ascii":"Puerto Princesa, Palawan","country_name":"Philippines","country_iso2":"PH","country_iso3":"PHL","unlocode":"PHPPS","status":"AI","function":"1--4----","outflows":9100.0,"outflows_confidence":"STATISTICAL","grid_cell":[160,597],"snap_km":2.01,"routable":true,"confidence":"OBSERVED"},"geometry":{"type":"Point","coordinates":[118.7353,9.7392]}},{"type":"Feature","properties":{"port_id":"PORT_PHSFS","name":"Subic Bay","name_ascii":"Subic Bay","country_name":"Philippines","country_iso2":"PH","country_iso3":"PHL","unlocode":"PHSFS","status":"AI","function":"1--4----","outflows":1621178.0,"outflows_confidence":"STATISTICAL","grid_cell":[150,600],"snap_km":5.4,"routable":true,"confidence":"OBSERVED"},"geometry":{"type":"Point","coordinates":[120.2799,14.789]}},{"type":"Feature","properties":{"port_id":"PORT_PHTAG","name":"Tagbilaran, Bohol","name_ascii":"Tagbilaran, Bohol","country_name":"Philippines","country_iso2":"PH","country_iso3":"PHL","unlocode":"PHTAG","status":"AI","function":"1--4----","outflows":4320.0,"outflows_confidence":"STATISTICAL","grid_cell":[160,607],"snap_km":15.35,"routable":true,"confidence":"OBSERVED"},"geometry":{"type":"Point","coordinates":[123.8522,9.6556]}},{"type":"Feature","properties":{"port_id":"PORT_PHTGO","name":"Tagoloan","name_ascii":"Tagoloan","country_name":"Philippines","country_iso2":"PH","country_iso3":"PHL","unlocode":"PHTGO","status":"RL","function":"1-3-----","outflows":12150.0,"outflows_confidence":"STATISTICAL","grid_cell":[162,609],"snap_km":24.09,"routable":true,"confidence":"OBSERVED"},"geometry":{"type":"Point","coordinates":[124.75,8.5333]}},{"type":"Feature","properties":{"port_id":"PORT_PHZAM","name":"Zamboanga","name_ascii":"Zamboanga","country_name":"Philippines","country_iso2":"PH","country_iso3":"PHL","unlocode":"PHZAM","status":"AI","function":"1--4----","outflows":67509.0,"outflows_confidence":"STATISTICAL","grid_cell":[166,604],"snap_km":26.38,"routable":true,"confidence":"OBSERVED"},"geometry":{"type":"Point","coordinates":[122.0739,6.9103]}},{"type":"Feature","properties":{"port_id":"PORT_PKGWD","name":"Gwadar","name_ascii":"Gwadar","country_name":"Pakistan","country_iso2":"PK","country_iso3":"PAK","unlocode":"PKGWD","status":"AI","function":"1-34----","outflows":145535.0,"outflows_confidence":"STATISTICAL","grid_cell":[130,484],"snap_km":42.02,"routable":true,"confidence":"OBSERVED"},"geometry":{"type":"Point","coordinates":[62.3254,25.1216]}},{"type":"Feature","properties":{"port_id":"PORT_PKKHI","name":"Karachi","name_ascii":"Karachi","country_name":"Pakistan","country_iso2":"PK","country_iso3":"PAK","unlocode":"PKKHI","status":"AI","function":"12345---","outflows":11738106.441340001,"outflows_confidence":"STATISTICAL","grid_cell":[130,493],"snap_km":29.03,"routable":true,"confidence":"OBSERVED"},"geometry":{"type":"Point","coordinates":[67.0104,24.8608]}},{"type":"Feature","properties":{"port_id":"PORT_PLGDN","name":"Gdansk","name_ascii":"Gdansk","country_name":"Poland","country_iso2":"PL","country_iso3":"POL","unlocode":"PLGDN","status":"AI","function":"1--4----","outflows":6373121.049906003,"outflows_confidence":"STATISTICAL","grid_cell":[70,397],"snap_km":44.7,"routable":true,"confidence":"OBSERVED"},"geometry":{"type":"Point","coordinates":[18.6491,54.3523]}},{"type":"Feature","properties":{"port_id":"PORT_PLGDY","name":"Gdynia","name_ascii":"Gdynia","country_name":"Poland","country_iso2":"PL","country_iso3":"POL","unlocode":"PLGDY","status":"RL","function":"123-----","outflows":1377819.1666200003,"outflows_confidence":"STATISTICAL","grid_cell":[70,397],"snap_km":30.64,"routable":true,"confidence":"OBSERVED"},"geometry":{"type":"Point","coordinates":[18.55,54.5]}},{"type":"Feature","properties":{"port_id":"PORT_PLSWI","name":"Swinoujscie","name_ascii":"Swinoujscie","country_name":"Poland","country_iso2":"PL","country_iso3":"POL","unlocode":"PLSWI","status":"RL","function":"123-----","outflows":16263.0,"outflows_confidence":"STATISTICAL","grid_cell":[71,388],"snap_km":38.92,"routable":true,"confidence":"OBSERVED"},"geometry":{"type":"Point","coordinates":[14.25,53.9]}},{"type":"Feature","properties":{"port_id":"PORT_PLSZZ","name":"Szczecin","name_ascii":"Szczecin","country_name":"Poland","country_iso2":"PL","country_iso3":"POL","unlocode":"PLSZZ","status":"AI","function":"1--45---","outflows":101530.0,"outflows_confidence":"STATISTICAL","grid_cell":[71,389],"snap_km":92.21,"routable":true,"confidence":"OBSERVED"},"geometry":{"type":"Point","coordinates":[14.553,53.4289]}},{"type":"Feature","properties":{"port_id":"PORT_PRSJU","name":"San Juan","name_ascii":"San Juan","country_name":"Puerto Rico","country_iso2":"PR","country_iso3":"PRI","unlocode":"PRSJU","status":"AI","function":"1--45---","outflows":914875.50003,"outflows_confidence":"STATISTICAL","grid_cell":[142,227],"snap_km":37.7,"routable":true,"confidence":"OBSERVED"},"geometry":{"type":"Point","coordinates":[-66.0833,18.45]}},{"type":"Feature","properties":{"port_id":"PORT_PTCNL","name":"Caniçal","name_ascii":"Canical","country_name":"Portugal","country_iso2":"PT","country_iso3":"PRT","unlocode":"PTCNL","status":"RL","function":"1-3-----","outflows":70018.0,"outflows_confidence":"STATISTICAL","grid_cell":[114,326],"snap_km":2.42,"routable":true,"confidence":"OBSERVED"},"geometry":{"type":"Point","coordinates":[-16.7333,32.7333]}},{"type":"Feature","properties":{"port_id":"PORT_PTFDF","name":"Figueira da Foz","name_ascii":"Figueira da Foz","country_name":"Portugal","country_iso2":"PT","country_iso3":"PRT","unlocode":"PTFDF","status":"AI","function":"123-----","outflows":26754.0,"outflows_confidence":"STATISTICAL","grid_cell":[99,341],"snap_km":34.4,"routable":true,"confidence":"OBSERVED"},"geometry":{"type":"Point","coordinates":[-8.8667,40.15]}},{"type":"Feature","properties":{"port_id":"PORT_PTHOR","name":"Horta","name_ascii":"Horta","country_name":"Portugal","country_iso2":"PT","country_iso3":"PRT","unlocode":"PTHOR","status":"AI","function":"1-34----","outflows":32292.0,"outflows_confidence":"STATISTICAL","grid_cell":[102,302],"snap_km":26.14,"routable":true,"confidence":"OBSERVED"},"geometry":{"type":"Point","coordinates":[-28.6333,38.5333]}},{"type":"Feature","properties":{"port_id":"PORT_PTLEI","name":"Leixões","name_ascii":"Leixoes","country_name":"Portugal","country_iso2":"PT","country_iso3":"PRT","unlocode":"PTLEI","status":"AI","function":"123-----","outflows":1619530.783304,"outflows_confidence":"STATISTICAL","grid_cell":[97,342],"snap_km":9.28,"routable":true,"confidence":"OBSERVED"},"geometry":{"type":"Point","coordinates":[-8.6833,41.1833]}},{"type":"Feature","properties":{"port_id":"PORT_PTLIS","name":"Lisboa","name_ascii":"Lisboa","country_name":"Portugal","country_iso2":"PT","country_iso3":"PRT","unlocode":"PTLIS","status":"AI","function":"12345---","outflows":1373631.1667299997,"outflows_confidence":"STATISTICAL","grid_cell":[103,341],"snap_km":52.88,"routable":true,"confidence":"OBSERVED"},"geometry":{"type":"Point","coordinates":[-9.1333,38.7167]}},{"type":"Feature","properties":{"port_id":"PORT_PTPDL","name":"Ponta Delgada","name_ascii":"Ponta Delgada","country_name":"Portugal","country_iso2":"PT","country_iso3":"PRT","unlocode":"PTPDL","status":"AI","function":"1-345---","outflows":109096.0,"outflows_confidence":"STATISTICAL","grid_cell":[104,308],"snap_km":7.56,"routable":true,"confidence":"OBSERVED"},"geometry":{"type":"Point","coordinates":[-25.6667,37.7333]}},{"type":"Feature","properties":{"port_id":"PORT_PTPIC","name":"Pico","name_ascii":"Pico","country_name":"Portugal","country_iso2":"PT","country_iso3":"PRT","unlocode":"PTPIC","status":"RL","function":"--3-----","outflows":23192.0,"outflows_confidence":"STATISTICAL","grid_cell":[97,342],"snap_km":55.62,"routable":true,"confidence":"OBSERVED"},"geometry":{"type":"Point","coordinates":[-8.4167,41.6833]}},{"type":"Feature","properties":{"port_id":"PORT_PTPRG","name":"Praia da Graciosa","name_ascii":"Praia da Graciosa","country_name":"Portugal","country_iso2":"PT","country_iso3":"PRT","unlocode":"PTPRG","status":"AI","function":"1-3-----","outflows":19500.0,"outflows_confidence":"STATISTICAL","grid_cell":[101,304],"snap_km":29.05,"routable":true,"confidence":"OBSERVED"},"geometry":{"type":"Point","coordinates":[-27.9667,39.05]}},{"type":"Feature","properties":{"port_id":"PORT_PTPRV","name":"Praia da Vitória","name_ascii":"Praia da Vitoria","country_name":"Portugal","country_iso2":"PT","country_iso3":"PRT","unlocode":"PTPRV","status":"AI","function":"1-3-----","outflows":109096.0,"outflows_confidence":"STATISTICAL","grid_cell":[102,305],"snap_km":16.01,"routable":true,"confidence":"OBSERVED"},"geometry":{"type":"Point","coordinates":[-27.0667,38.7333]}},{"type":"Feature","properties":{"port_id":"PORT_PTPXO","name":"Porto Santo Island","name_ascii":"Porto Santo Island","country_name":"Portugal","country_iso2":"PT","country_iso3":"PRT","unlocode":"PTPXO","status":"AI","function":"1--4---B","outflows":28236.0,"outflows_confidence":"STATISTICAL","grid_cell":[113,327],"snap_km":21.81,"routable":true,"confidence":"OBSERVED"},"geometry":{"type":"Point","coordinates":[-16.3333,33.0667]}},{"type":"Feature","properties":{"port_id":"PORT_PTSCF","name":"Santa Cruz das Flores","name_ascii":"Santa Cruz das Flores","country_name":"Portugal","country_iso2":"PT","country_iso3":"PRT","unlocode":"PTSCF","status":"RL","function":"1-3-----","outflows":16146.0,"outflows_confidence":"STATISTICAL","grid_cell":[101,297],"snap_km":25.02,"routable":true,"confidence":"OBSERVED"},"geometry":{"type":"Point","coordinates":[-31.1167,39.45]}},{"type":"Feature","properties":{"port_id":"PORT_PTSET","name":"Setúbal","name_ascii":"Setubal","country_name":"Portugal","country_iso2":"PT","country_iso3":"PRT","unlocode":"PTSET","status":"AI","function":"123-----","outflows":443319.5,"outflows_confidence":"STATISTICAL","grid_cell":[103,341],"snap_km":43.85,"routable":true,"confidence":"OBSERVED"},"geometry":{"type":"Point","coordinates":[-8.9,38.5333]}},{"type":"Feature","properties":{"port_id":"PORT_PTSIE","name":"Sines","name_ascii":"Sines","country_name":"Portugal","country_iso2":"PT","country_iso3":"PRT","unlocode":"PTSIE","status":"AI","function":"1234----","outflows":11424189.365200002,"outflows_confidence":"STATISTICAL","grid_cell":[104,341],"snap_km":40.34,"routable":true,"confidence":"OBSERVED"},"geometry":{"type":"Point","coordinates":[-8.8667,37.95]}},{"type":"Feature","properties":{"port_id":"PORT_PTVDP","name":"Vila do Porto","name_ascii":"Vila do Porto","country_name":"Portugal","country_iso2":"PT","country_iso3":"PRT","unlocode":"PTVDP","status":"RL","function":"1-3-----","outflows":13468.0,"outflows_confidence":"STATISTICAL","grid_cell":[106,309],"snap_km":22.24,"routable":true,"confidence":"OBSERVED"},"geometry":{"type":"Point","coordinates":[-25.15,36.9333]}},{"type":"Feature","properties":{"port_id":"PORT_PTVEL","name":"Velas","name_ascii":"Velas","country_name":"Portugal","country_iso2":"PT","country_iso3":"PRT","unlocode":"PTVEL","status":"AI","function":"1-3-----","outflows":47190.0,"outflows_confidence":"STATISTICAL","grid_cell":[102,303],"snap_km":7.96,"routable":true,"confidence":"OBSERVED"},"geometry":{"type":"Point","coordinates":[-28.2167,38.6833]}},{"type":"Feature","properties":{"port_id":"PORT_PWROR","name":"Koror","name_ascii":"Koror","country_name":"Palau","country_iso2":"PW","country_iso3":"PLW","unlocode":"PWROR","status":"AI","function":"1--4----","outflows":30420.0,"outflows_confidence":"STATISTICAL","grid_cell":[165,628],"snap_km":26.57,"routable":true,"confidence":"OBSERVED"},"geometry":{"type":"Point","coordinates":[134.4733,7.3398]}},{"type":"Feature","properties":{"port_id":"PORT_PYASU","name":"Asunción","name_ascii":"Asuncion","country_name":"Paraguay","country_iso2":"PY","country_iso3":"PRY","unlocode":"PYASU","status":"AI","function":"1--45---","outflows":13793.0,"outflows_confidence":"STATISTICAL","grid_cell":null,"snap_km":null,"routable":false,"confidence":"OBSERVED"},"geometry":{"type":"Point","coordinates":[-57.6667,-25.2667]}},{"type":"Feature","properties":{"port_id":"PORT_QAHMD","name":"BGN/PCGN1956 - HAMAD","name_ascii":"BGN/PCGN1956 - HAMAD","country_name":"Qatar","country_iso2":"QA","country_iso3":"QAT","unlocode":"QAHMD","status":"RL","function":"1-------","outflows":11570563.360890001,"outflows_confidence":"STATISTICAL","grid_cell":[130,463],"snap_km":30.88,"routable":true,"confidence":"OBSERVED"},"geometry":{"type":"Point","coordinates":[51.6167,25.0]}},{"type":"Feature","properties":{"port_id":"PORT_QAMES","name":"Mesaieed","name_ascii":"Mesaieed","country_name":"Qatar","country_iso2":"QA","country_iso3":"QAT","unlocode":"QAMES","status":"RQ","function":"1----6--","outflows":87230.0,"outflows_confidence":"STATISTICAL","grid_cell":[128,463],"snap_km":21.15,"routable":true,"confidence":"OBSERVED"},"geometry":{"type":"Point","coordinates":[51.9167,25.6333]}},{"type":"Feature","properties":{"port_id":"PORT_ROCND","name":"Constanta","name_ascii":"Constanta","country_name":"Romania","country_iso2":"RO","country_iso3":"ROU","unlocode":"ROCND","status":"AI","function":"1234-6--","outflows":4202750.066810001,"outflows_confidence":"STATISTICAL","grid_cell":[91,417],"snap_km":10.88,"routable":true,"confidence":"OBSERVED"},"geometry":{"type":"Point","coordinates":[28.65,44.1833]}},{"type":"Feature","properties":{"port_id":"PORT_RUARH","name":"Arkhangelsk","name_ascii":"Arkhangelsk","country_name":"Russian Federation","country_iso2":"RU","country_iso3":"RUS","unlocode":"RUARH","status":"AI","function":"1--4----","outflows":390.0,"outflows_confidence":"STATISTICAL","grid_cell":[50,439],"snap_km":44.4,"routable":true,"confidence":"OBSERVED"},"geometry":{"type":"Point","coordinates":[40.5433,64.5401]}},{"type":"Feature","properties":{"port_id":"PORT_RUBRK","name":"Lomonosov","name_ascii":"Lomonosov","country_name":"Russian Federation","country_iso2":"RU","country_iso3":"RUS","unlocode":"RUBRK","status":"RL","function":"123-----","outflows":172926.0,"outflows_confidence":"STATISTICAL","grid_cell":[59,417],"snap_km":67.01,"routable":true,"confidence":"OBSERVED"},"geometry":{"type":"Point","coordinates":[29.7333,59.9]}},{"type":"Feature","properties":{"port_id":"PORT_RUDUD","name":"Dudinka","name_ascii":"Dudinka","country_name":"Russian Federation","country_iso2":"RU","country_iso3":"RUS","unlocode":"RUDUD","status":"QQ","function":"1-------","outflows":16796.0,"outflows_confidence":"STATISTICAL","grid_cell":null,"snap_km":null,"routable":false,"confidence":"OBSERVED"},"geometry":{"type":"Point","coordinates":[86.1778,69.4058]}},{"type":"Feature","properties":{"port_id":"PORT_RUGDX","name":"Magadan","name_ascii":"Magadan","country_name":"Russian Federation","country_iso2":"RU","country_iso3":"RUS","unlocode":"RUGDX","status":"AI","function":"---4----","outflows":27664.0,"outflows_confidence":"STATISTICAL","grid_cell":[61,661],"snap_km":35.02,"routable":true,"confidence":"OBSERVED"},"geometry":{"type":"Point","coordinates":[150.8035,59.5638]}},{"type":"Feature","properties":{"port_id":"PORT_RUKGD","name":"Kaliningrad","name_ascii":"Kaliningrad","country_name":"Russian Federation","country_iso2":"RU","country_iso3":"RUS","unlocode":"RUKGD","status":"AI","function":"1--4----","outflows":133061.5,"outflows_confidence":"STATISTICAL","grid_cell":[70,399],"snap_km":49.1,"routable":true,"confidence":"OBSERVED"},"geometry":{"type":"Point","coordinates":[20.511,54.7065]}},{"type":"Feature","properties":{"port_id":"PORT_RUKOR","name":"Korsakov","name_ascii":"Korsakov","country_name":"Russian Federation","country_iso2":"RU","country_iso3":"RUS","unlocode":"RUKOR","status":"QQ","function":"1-------","outflows":19067.0,"outflows_confidence":"STATISTICAL","grid_cell":[87,645],"snap_km":42.77,"routable":true,"confidence":"OBSERVED"},"geometry":{"type":"Point","coordinates":[142.7772,46.6342]}},{"type":"Feature","properties":{"port_id":"PORT_RULED","name":"Saint Petersburg (ex Leningrad)","name_ascii":"Saint Petersburg (ex Leningrad)","country_name":"Russian Federation","country_iso2":"RU","country_iso3":"RUS","unlocode":"RULED","status":"AI","function":"12345---","outflows":2197863.904679,"outflows_confidence":"STATISTICAL","grid_cell":[59,417],"snap_km":92.68,"routable":true,"confidence":"OBSERVED"},"geometry":{"type":"Point","coordinates":[30.25,59.8833]}},{"type":"Feature","properties":{"port_id":"PORT_RUNVS","name":"Novorossiysk","name_ascii":"Novorossiysk","country_name":"Russian Federation","country_iso2":"RU","country_iso3":"RUS","unlocode":"RUNVS","status":"RL","function":"123--6--","outflows":2856095.6668099994,"outflows_confidence":"STATISTICAL","grid_cell":[90,434],"snap_km":40.98,"routable":true,"confidence":"OBSERVED"},"geometry":{"type":"Point","coordinates":[37.7667,44.7167]}},{"type":"Feature","properties":{"port_id":"PORT_RUPKC","name":"Petropavlovsk-Kamchatskiy","name_ascii":"Petropavlovsk-Kamchatskiy","country_name":"Russian Federation","country_iso2":"RU","country_iso3":"RUS","unlocode":"RUPKC","status":"AI","function":"1--4----","outflows":10478.0,"outflows_confidence":"STATISTICAL","grid_cell":[74,677],"snap_km":33.41,"routable":true,"confidence":"OBSERVED"},"geometry":{"type":"Point","coordinates":[158.6508,53.0444]}},{"type":"Feature","properties":{"port_id":"PORT_RUULU","name":"Ust'-Luga","name_ascii":"Ust'-Luga","country_name":"Russian Federation","country_iso2":"RU","country_iso3":"RUS","unlocode":"RUULU","status":"RL","function":"123-----","outflows":217892.99998,"outflows_confidence":"STATISTICAL","grid_cell":[60,416],"snap_km":9.99,"routable":true,"confidence":"OBSERVED"},"geometry":{"type":"Point","coordinates":[28.3167,59.6667]}},{"type":"Feature","properties":{"port_id":"PORT_RUVVO","name":"Vladivostok","name_ascii":"Vladivostok","country_name":"Russian Federation","country_iso2":"RU","country_iso3":"RUS","unlocode":"RUVVO","status":"AI","function":"1--4----","outflows":1273681.4999099998,"outflows_confidence":"STATISTICAL","grid_cell":[94,623],"snap_km":40.8,"routable":true,"confidence":"OBSERVED"},"geometry":{"type":"Point","coordinates":[131.8735,43.1056]}},{"type":"Feature","properties":{"port_id":"PORT_RUVYP","name":"Vostochnyy Port","name_ascii":"Vostochnyy Port","country_name":"Russian Federation","country_iso2":"RU","country_iso3":"RUS","unlocode":"RUVYP","status":"RL","function":"1-------","outflows":694044.0000000001,"outflows_confidence":"STATISTICAL","grid_cell":[94,626],"snap_km":16.43,"routable":true,"confidence":"OBSERVED"},"geometry":{"type":"Point","coordinates":[133.05,42.7667]}},{"type":"Feature","properties":{"port_id":"PORT_RUZAR","name":"Zarubino","name_ascii":"Zarubino","country_name":"Russian Federation","country_iso2":"RU","country_iso3":"RUS","unlocode":"RUZAR","status":"RL","function":"1-------","outflows":8476.0,"outflows_confidence":"STATISTICAL","grid_cell":[95,622],"snap_km":43.0,"routable":true,"confidence":"OBSERVED"},"geometry":{"type":"Point","coordinates":[131.0833,42.6167]}},{"type":"Feature","properties":{"port_id":"PORT_SADMM","name":"Ad Dammam","name_ascii":"Ad Dammam","country_name":"Saudi Arabia","country_iso2":"SA","country_iso3":"SAU","unlocode":"SADMM","status":"RL","function":"12345---","outflows":11255729.646892,"outflows_confidence":"STATISTICAL","grid_cell":[127,460],"snap_km":23.81,"routable":true,"confidence":"OBSERVED"},"geometry":{"type":"Point","coordinates":[50.1,26.4167]}},{"type":"Feature","properties":{"port_id":"PORT_SAJED","name":"Jeddah","name_ascii":"Jeddah","country_name":"Saudi Arabia","country_iso2":"SA","country_iso3":"SAU","unlocode":"SAJED","status":"AI","function":"1--45---","outflows":28479677.91178001,"outflows_confidence":"STATISTICAL","grid_cell":[136,437],"snap_km":49.35,"routable":true,"confidence":"OBSERVED"},"geometry":{"type":"Point","coordinates":[39.1667,21.5333]}},{"type":"Feature","properties":{"port_id":"PORT_SAJUB","name":"Jubail","name_ascii":"Jubail","country_name":"Saudi Arabia","country_iso2":"SA","country_iso3":"SAU","unlocode":"SAJUB","status":"QQ","function":"1-------","outflows":6234394.595049998,"outflows_confidence":"STATISTICAL","grid_cell":[125,459],"snap_km":28.78,"routable":true,"confidence":"OBSERVED"},"geometry":{"type":"Point","coordinates":[49.6225,27.0174]}},{"type":"Feature","properties":{"port_id":"PORT_SAKAC","name":"King Abdullah City","name_ascii":"King Abdullah City","country_name":"Saudi Arabia","country_iso2":"SA","country_iso3":"SAU","unlocode":"SAKAC","status":"RQ","function":"1-3-----","outflows":13582128.147299998,"outflows_confidence":"STATISTICAL","grid_cell":[135,437],"snap_km":38.13,"routable":true,"confidence":"OBSERVED"},"geometry":{"type":"Point","coordinates":[39.0833,22.4]}},{"type":"Feature","properties":{"port_id":"PORT_SAYNB","name":"Yanbu al-Bahr","name_ascii":"Yanbu al-Bahr","country_name":"Saudi Arabia","country_iso2":"SA","country_iso3":"SAU","unlocode":"SAYNB","status":"AI","function":"1-34----","outflows":49257.0,"outflows_confidence":"STATISTICAL","grid_cell":[132,436],"snap_km":43.11,"routable":true,"confidence":"OBSERVED"},"geometry":{"type":"Point","coordinates":[38.0333,24.0833]}},{"type":"Feature","properties":{"port_id":"PORT_SCPOV","name":"Port Victoria","name_ascii":"Port Victoria","country_name":"Seychelles","country_iso2":"SC","country_iso3":"SYC","unlocode":"SCPOV","status":"QQ","function":"1-------","outflows":611771.7619100001,"outflows_confidence":"STATISTICAL","grid_cell":[189,470],"snap_km":26.93,"routable":true,"confidence":"OBSERVED"},"geometry":{"type":"Point","coordinates":[55.455,-4.62]}},{"type":"Feature","properties":{"port_id":"PORT_SDPZU","name":"Port Sudan","name_ascii":"Port Sudan","country_name":"Sudan","country_iso2":"SD","country_iso3":"SDN","unlocode":"SDPZU","status":"AI","function":"1--45---","outflows":308535.0,"outflows_confidence":"STATISTICAL","grid_cell":[140,434],"snap_km":15.15,"routable":true,"confidence":"OBSERVED"},"geometry":{"type":"Point","coordinates":[37.2164,19.6175]}},{"type":"Feature","properties":{"port_id":"PORT_SEAHU","name":"Åhus","name_ascii":"Ahus","country_name":"Sweden","country_iso2":"SE","country_iso3":"SWE","unlocode":"SEAHU","status":"AA","function":"123-----","outflows":33696.0,"outflows_confidence":"STATISTICAL","grid_cell":[68,389],"snap_km":34.54,"routable":true,"confidence":"OBSERVED"},"geometry":{"type":"Point","coordinates":[14.2833,55.9167]}},{"type":"Feature","properties":{"port_id":"PORT_SEGOT","name":"Göteborg","name_ascii":"Goteborg","country_name":"Sweden","country_iso2":"SE","country_iso3":"SWE","unlocode":"SEGOT","status":"AA","function":"12345---","outflows":3614371.42828,"outflows_confidence":"STATISTICAL","grid_cell":[64,383],"snap_km":13.39,"routable":true,"confidence":"OBSERVED"},"geometry":{"type":"Point","coordinates":[11.9667,57.7167]}},{"type":"Feature","properties":{"port_id":"PORT_SEGVX","name":"Gävle","name_ascii":"Gavle","country_name":"Sweden","country_iso2":"SE","country_iso3":"SWE","unlocode":"SEGVX","status":"AA","function":"1--4----","outflows":278876.0,"outflows_confidence":"STATISTICAL","grid_cell":[58,395],"snap_km":33.06,"routable":true,"confidence":"OBSERVED"},"geometry":{"type":"Point","coordinates":[17.1667,60.6667]}},{"type":"Feature","properties":{"port_id":"PORT_SEHAD","name":"Halmstad","name_ascii":"Halmstad","country_name":"Sweden","country_iso2":"SE","country_iso3":"SWE","unlocode":"SEHAD","status":"AA","function":"1234----","outflows":48750.0,"outflows_confidence":"STATISTICAL","grid_cell":[66,384],"snap_km":37.78,"routable":true,"confidence":"OBSERVED"},"geometry":{"type":"Point","coordinates":[12.85,56.6667]}},{"type":"Feature","properties":{"port_id":"PORT_SEHEL","name":"Helsingborg","name_ascii":"Helsingborg","country_name":"Sweden","country_iso2":"SE","country_iso3":"SWE","unlocode":"SEHEL","status":"AI","function":"12-4----","outflows":634088.0,"outflows_confidence":"STATISTICAL","grid_cell":[68,385],"snap_km":33.18,"routable":true,"confidence":"OBSERVED"},"geometry":{"type":"Point","coordinates":[12.6944,56.0467]}},{"type":"Feature","properties":{"port_id":"PORT_SEKSD","name":"Karlstad","name_ascii":"Karlstad","country_name":"Sweden","country_iso2":"SE","country_iso3":"SWE","unlocode":"SEKSD","status":"AA","function":"1--4----","outflows":3312.0,"outflows_confidence":"STATISTICAL","grid_cell":[61,381],"snap_km":156.61,"routable":true,"confidence":"OBSERVED"},"geometry":{"type":"Point","coordinates":[13.5,59.3667]}},{"type":"Feature","properties":{"port_id":"PORT_SENRK","name":"Norrköping","name_ascii":"Norrkoping","country_name":"Sweden","country_iso2":"SE","country_iso3":"SWE","unlocode":"SENRK","status":"AA","function":"1234----","outflows":296309.0,"outflows_confidence":"STATISTICAL","grid_cell":[63,393],"snap_km":51.02,"routable":true,"confidence":"OBSERVED"},"geometry":{"type":"Point","coordinates":[16.1833,58.6]}},{"type":"Feature","properties":{"port_id":"PORT_SEOSK","name":"Oskarshamn","name_ascii":"Oskarshamn","country_name":"Sweden","country_iso2":"SE","country_iso3":"SWE","unlocode":"SEOSK","status":"AA","function":"123-----","outflows":84688.5,"outflows_confidence":"STATISTICAL","grid_cell":[65,393],"snap_km":19.13,"routable":true,"confidence":"OBSERVED"},"geometry":{"type":"Point","coordinates":[16.4333,57.2667]}},{"type":"Feature","properties":{"port_id":"PORT_SEOXE","name":"Oxelösund","name_ascii":"Oxelosund","country_name":"Sweden","country_iso2":"SE","country_iso3":"SWE","unlocode":"SEOXE","status":"AA","function":"123-----","outflows":73031.83333499999,"outflows_confidence":"STATISTICAL","grid_cell":[62,394],"snap_km":12.69,"routable":true,"confidence":"OBSERVED"},"geometry":{"type":"Point","coordinates":[17.1,58.6667]}},{"type":"Feature","properties":{"port_id":"PORT_SEPIT","name":"Piteå","name_ascii":"Pitea","country_name":"Sweden","country_iso2":"SE","country_iso3":"SWE","unlocode":"SEPIT","status":"AA","function":"123-----","outflows":67392.0,"outflows_confidence":"STATISTICAL","grid_cell":[49,403],"snap_km":14.86,"routable":true,"confidence":"OBSERVED"},"geometry":{"type":"Point","coordinates":[21.5,65.3333]}},{"type":"Feature","properties":{"port_id":"PORT_SESDL","name":"Sundsvall","name_ascii":"Sundsvall","country_name":"Sweden","country_iso2":"SE","country_iso3":"SWE","unlocode":"SESDL","status":"AA","function":"1-34----","outflows":51928.5,"outflows_confidence":"STATISTICAL","grid_cell":[55,395],"snap_km":27.57,"routable":true,"confidence":"OBSERVED"},"geometry":{"type":"Point","coordinates":[17.3,62.3833]}},{"type":"Feature","properties":{"port_id":"PORT_SESOE","name":"Södertälje","name_ascii":"Sodertalje","country_name":"Sweden","country_iso2":"SE","country_iso3":"SWE","unlocode":"SESOE","status":"AA","function":"123--6--","outflows":54799.333335,"outflows_confidence":"STATISTICAL","grid_cell":[62,395],"snap_km":50.62,"routable":true,"confidence":"OBSERVED"},"geometry":{"type":"Point","coordinates":[17.6167,59.2]}},{"type":"Feature","properties":{"port_id":"PORT_SESTO","name":"Stockholm","name_ascii":"Stockholm","country_name":"Sweden","country_iso2":"SE","country_iso3":"SWE","unlocode":"SESTO","status":"AA","function":"12345---","outflows":227955.0,"outflows_confidence":"STATISTICAL","grid_cell":[61,397],"snap_km":40.81,"routable":true,"confidence":"OBSERVED"},"geometry":{"type":"Point","coordinates":[18.05,59.3333]}},{"type":"Feature","properties":{"port_id":"PORT_SEUME","name":"Umeå","name_ascii":"Umea","country_name":"Sweden","country_iso2":"SE","country_iso3":"SWE","unlocode":"SEUME","status":"AI","function":"1234----","outflows":51928.5,"outflows_confidence":"STATISTICAL","grid_cell":[52,401],"snap_km":26.24,"routable":true,"confidence":"OBSERVED"},"geometry":{"type":"Point","coordinates":[20.25,63.8333]}},{"type":"Feature","properties":{"port_id":"PORT_SEVAG","name":"Varberg","name_ascii":"Varberg","country_name":"Sweden","country_iso2":"SE","country_iso3":"SWE","unlocode":"SEVAG","status":"AA","function":"123-----","outflows":82628.0,"outflows_confidence":"STATISTICAL","grid_cell":[65,383],"snap_km":34.19,"routable":true,"confidence":"OBSERVED"},"geometry":{"type":"Point","coordinates":[12.2508,57.1056]}},{"type":"Feature","properties":{"port_id":"PORT_SEVST","name":"Västerås","name_ascii":"Vasteras","country_name":"Sweden","country_iso2":"SE","country_iso3":"SWE","unlocode":"SEVST","status":"AA","function":"1234----","outflows":21103.333335000003,"outflows_confidence":"STATISTICAL","grid_cell":[62,394],"snap_km":104.29,"routable":true,"confidence":"OBSERVED"},"geometry":{"type":"Point","coordinates":[16.55,59.6167]}},{"type":"Feature","properties":{"port_id":"PORT_SGSIN","name":"Singapore","name_ascii":"Singapore","country_name":"Singapore","country_iso2":"SG","country_iso3":"SGP","unlocode":"SGSIN","status":"AI","function":"1--45---","outflows":126673817.40886995,"outflows_confidence":"STATISTICAL","grid_cell":[177,567],"snap_km":11.97,"routable":true,"confidence":"OBSERVED"},"geometry":{"type":"Point","coordinates":[103.8501,1.2897]}},{"type":"Feature","properties":{"port_id":"PORT_SIKOP","name":"Koper","name_ascii":"Koper","country_name":"Slovenia","country_iso2":"SI","country_iso3":"SVN","unlocode":"SIKOP","status":"RL","function":"1-------","outflows":4814941.166689999,"outflows_confidence":"STATISTICAL","grid_cell":[89,386],"snap_km":49.91,"routable":true,"confidence":"OBSERVED"},"geometry":{"type":"Point","coordinates":[13.7294,45.5469]}},{"type":"Feature","properties":{"port_id":"PORT_SLFNA","name":"Freetown","name_ascii":"Freetown","country_name":"Sierra Leone","country_iso2":"SL","country_iso3":"SLE","unlocode":"SLFNA","status":"AI","function":"1--45---","outflows":292305.0,"outflows_confidence":"STATISTICAL","grid_cell":[163,333],"snap_km":26.42,"routable":true,"confidence":"OBSERVED"},"geometry":{"type":"Point","coordinates":[-13.2356,8.4871]}},{"type":"Feature","properties":{"port_id":"PORT_SNDKR","name":"Dakar","name_ascii":"Dakar","country_name":"Senegal","country_iso2":"SN","country_iso3":"SEN","unlocode":"SNDKR","status":"AI","function":"1--45---","outflows":2417263.262,"outflows_confidence":"STATISTICAL","grid_cell":[150,325],"snap_km":21.79,"routable":true,"confidence":"OBSERVED"},"geometry":{"type":"Point","coordinates":[-17.4441,14.6937]}},{"type":"Feature","properties":{"port_id":"PORT_SOBBO","name":"Berbera","name_ascii":"Berbera","country_name":"Somalia","country_iso2":"SO","country_iso3":"SOM","unlocode":"SOBBO","status":"AI","function":"1--4----","outflows":215094.5,"outflows_confidence":"STATISTICAL","grid_cell":[158,450],"snap_km":43.07,"routable":true,"confidence":"OBSERVED"},"geometry":{"type":"Point","coordinates":[45.0143,10.4396]}},{"type":"Feature","properties":{"port_id":"PORT_SOKMU","name":"Kismayu","name_ascii":"Kismayu","country_name":"Somalia","country_iso2":"SO","country_iso3":"SOM","unlocode":"SOKMU","status":"AI","function":"1--4----","outflows":188773.0,"outflows_confidence":"STATISTICAL","grid_cell":[180,445],"snap_km":25.74,"routable":true,"confidence":"OBSERVED"},"geometry":{"type":"Point","coordinates":[42.5454,-0.3582]}},{"type":"Feature","properties":{"port_id":"PORT_SOMGQ","name":"Mogadishu","name_ascii":"Mogadishu","country_name":"Somalia","country_iso2":"SO","country_iso3":"SOM","unlocode":"SOMGQ","status":"AI","function":"1--45---","outflows":437501.99997999996,"outflows_confidence":"STATISTICAL","grid_cell":[176,450],"snap_km":33.58,"routable":true,"confidence":"OBSERVED"},"geometry":{"type":"Point","coordinates":[45.3438,2.0371]}},{"type":"Feature","properties":{"port_id":"PORT_SRPBM","name":"Paramaribo","name_ascii":"Paramaribo","country_name":"Suriname","country_iso2":"SR","country_iso3":"SUR","unlocode":"SRPBM","status":"AI","function":"1--45---","outflows":538931.333322,"outflows_confidence":"STATISTICAL","grid_cell":[167,249],"snap_km":43.64,"routable":true,"confidence":"OBSERVED"},"geometry":{"type":"Point","coordinates":[-55.1668,5.8664]}},{"type":"Feature","properties":{"port_id":"PORT_SVAQJ","name":"Acajutla","name_ascii":"Acajutla","country_name":"El Salvador","country_iso2":"SV","country_iso3":"SLV","unlocode":"SVAQJ","status":"AI","function":"1-3-----","outflows":495947.4,"outflows_confidence":"STATISTICAL","grid_cell":[153,180],"snap_km":39.03,"routable":true,"confidence":"OBSERVED"},"geometry":{"type":"Point","coordinates":[-89.8275,13.5928]}},{"type":"Feature","properties":{"port_id":"PORT_SVSAL","name":"San Salvador","name_ascii":"San Salvador","country_name":"El Salvador","country_iso2":"SV","country_iso3":"SLV","unlocode":"SVSAL","status":"AI","function":"1--45---","outflows":388752.0,"outflows_confidence":"STATISTICAL","grid_cell":[153,181],"snap_km":49.32,"routable":true,"confidence":"OBSERVED"},"geometry":{"type":"Point","coordinates":[-89.1872,13.6893]}},{"type":"Feature","properties":{"port_id":"PORT_SYLTK","name":"Latakia","name_ascii":"Latakia","country_name":"Syrian Arab Republic","country_iso2":"SY","country_iso3":"SYR","unlocode":"SYLTK","status":"AI","function":"1--4----","outflows":719300.0,"outflows_confidence":"STATISTICAL","grid_cell":[108,431],"snap_km":26.12,"routable":true,"confidence":"OBSERVED"},"geometry":{"type":"Point","coordinates":[35.7833,35.5167]}},{"type":"Feature","properties":{"port_id":"PORT_SYTTS","name":"Tartus","name_ascii":"Tartus","country_name":"Syrian Arab Republic","country_iso2":"SY","country_iso3":"SYR","unlocode":"SYTTS","status":"RL","function":"1-3-----","outflows":103493.0,"outflows_confidence":"STATISTICAL","grid_cell":[110,431],"snap_km":21.58,"routable":true,"confidence":"OBSERVED"},"geometry":{"type":"Point","coordinates":[35.9,34.9]}},{"type":"Feature","properties":{"port_id":"PORT_TGLFW","name":"Lome","name_ascii":"Lome","country_name":"Togo","country_iso2":"TG","country_iso3":"TGO","unlocode":"TGLFW","status":"AI","function":"1--45---","outflows":6445382.413440002,"outflows_confidence":"STATISTICAL","grid_cell":[168,362],"snap_km":42.23,"routable":true,"confidence":"OBSERVED"},"geometry":{"type":"Point","coordinates":[1.2215,6.1287]}},{"type":"Feature","properties":{"port_id":"PORT_THBKK","name":"Bangkok","name_ascii":"Bangkok","country_name":"Thailand","country_iso2":"TH","country_iso3":"THA","unlocode":"THBKK","status":"AI","function":"12345---","outflows":4526246.83351,"outflows_confidence":"STATISTICAL","grid_cell":[153,561],"snap_km":61.05,"routable":true,"confidence":"OBSERVED"},"geometry":{"type":"Point","coordinates":[100.5167,13.75]}},{"type":"Feature","properties":{"port_id":"PORT_THHKT","name":"Phuket International Apt","name_ascii":"Phuket International Apt","country_name":"Thailand","country_iso2":"TH","country_iso3":"THA","unlocode":"THHKT","status":"AA","function":"---4----","outflows":44898.75,"outflows_confidence":"STATISTICAL","grid_cell":[163,556],"snap_km":16.54,"routable":true,"confidence":"OBSERVED"},"geometry":{"type":"Point","coordinates":[98.3167,8.1167]}},{"type":"Feature","properties":{"port_id":"PORT_THLCH","name":"Laem Chabang","name_ascii":"Laem Chabang","country_name":"Thailand","country_iso2":"TH","country_iso3":"THA","unlocode":"THLCH","status":"RL","function":"1-3-----","outflows":21757591.196550008,"outflows_confidence":"STATISTICAL","grid_cell":[153,561],"snap_km":23.49,"routable":true,"confidence":"OBSERVED"},"geometry":{"type":"Point","coordinates":[100.8833,13.0833]}},{"type":"Feature","properties":{"port_id":"PORT_THSCS","name":"Sahathai Coastal Seaport","name_ascii":"Sahathai Coastal Seaport","country_name":"Thailand","country_iso2":"TH","country_iso3":"THA","unlocode":"THSCS","status":"RQ","function":"1-3-----","outflows":91563.33335,"outflows_confidence":"STATISTICAL","grid_cell":[153,561],"snap_km":50.27,"routable":true,"confidence":"OBSERVED"},"geometry":{"type":"Point","coordinates":[100.5333,13.65]}},{"type":"Feature","properties":{"port_id":"PORT_THSRI","name":"Sriracha","name_ascii":"Sriracha","country_name":"Thailand","country_iso2":"TH","country_iso3":"THA","unlocode":"THSRI","status":"QQ","function":"1-------","outflows":58522.5,"outflows_confidence":"STATISTICAL","grid_cell":[153,561],"snap_km":21.36,"routable":true,"confidence":"OBSERVED"},"geometry":{"type":"Point","coordinates":[100.9311,13.1737]}},{"type":"Feature","properties":{"port_id":"PORT_TLDIL","name":"Dili","name_ascii":"Dili","country_name":"Timor-Leste","country_iso2":"TL","country_iso3":"TLS","unlocode":"TLDIL","status":"RL","function":"1-34----","outflows":34187.75,"outflows_confidence":"STATISTICAL","grid_cell":[196,611],"snap_km":38.98,"routable":true,"confidence":"OBSERVED"},"geometry":{"type":"Point","coordinates":[125.5667,-8.55]}},{"type":"Feature","properties":{"port_id":"PORT_TNBIZ","name":"Bizerte","name_ascii":"Bizerte","country_name":"Tunisia","country_iso2":"TN","country_iso3":"TUN","unlocode":"TNBIZ","status":"QQ","function":"1234----","outflows":106117.5,"outflows_confidence":"STATISTICAL","grid_cell":[105,380],"snap_km":33.39,"routable":true,"confidence":"OBSERVED"},"geometry":{"type":"Point","coordinates":[9.8739,37.2744]}},{"type":"Feature","properties":{"port_id":"PORT_TNSFA","name":"Sfax","name_ascii":"Sfax","country_name":"Tunisia","country_iso2":"TN","country_iso3":"TUN","unlocode":"TNSFA","status":"AI","function":"1234----","outflows":72212.33334,"outflows_confidence":"STATISTICAL","grid_cell":[110,382],"snap_km":44.76,"routable":true,"confidence":"OBSERVED"},"geometry":{"type":"Point","coordinates":[10.7603,34.7406]}},{"type":"Feature","properties":{"port_id":"PORT_TNSUS","name":"Sousse","name_ascii":"Sousse","country_name":"Tunisia","country_iso2":"TN","country_iso3":"TUN","unlocode":"TNSUS","status":"QQ","function":"1234----","outflows":43545.0,"outflows_confidence":"STATISTICAL","grid_cell":[107,381],"snap_km":48.3,"routable":true,"confidence":"OBSERVED"},"geometry":{"type":"Point","coordinates":[10.637,35.8254]}},{"type":"Feature","properties":{"port_id":"PORT_TNTUN","name":"Tunis","name_ascii":"Tunis","country_name":"Tunisia","country_iso2":"TN","country_iso3":"TUN","unlocode":"TNTUN","status":"AI","function":"12345---","outflows":59748.0,"outflows_confidence":"STATISTICAL","grid_cell":[105,380],"snap_km":48.51,"routable":true,"confidence":"OBSERVED"},"geometry":{"type":"Point","coordinates":[10.1658,36.819]}},{"type":"Feature","properties":{"port_id":"PORT_TOTBU","name":"Nuku'alofa","name_ascii":"Nuku'alofa","country_name":"Tonga","country_iso2":"TO","country_iso3":"TON","unlocode":"TOTBU","status":"AI","function":"1--45---","outflows":178599.5,"outflows_confidence":"STATISTICAL","grid_cell":[222,9],"snap_km":13.97,"routable":true,"confidence":"OBSERVED"},"geometry":{"type":"Point","coordinates":[-175.2,-21.1333]}},{"type":"Feature","properties":{"port_id":"PORT_TRALI","name":"Aliaga","name_ascii":"Aliaga","country_name":"Turkey","country_iso2":"TR","country_iso3":"TUR","unlocode":"TRALI","status":"RL","function":"1-------","outflows":8740753.932889998,"outflows_confidence":"STATISTICAL","grid_cell":[102,413],"snap_km":20.03,"routable":true,"confidence":"OBSERVED"},"geometry":{"type":"Point","coordinates":[26.972,38.7998]}},{"type":"Feature","properties":{"port_id":"PORT_TRAYT","name":"Antalya","name_ascii":"Antalya","country_name":"Turkey","country_iso2":"TR","country_iso3":"TUR","unlocode":"TRAYT","status":"AI","function":"1234----","outflows":111670.0,"outflows_confidence":"STATISTICAL","grid_cell":[106,421],"snap_km":16.26,"routable":true,"confidence":"OBSERVED"},"geometry":{"type":"Point","coordinates":[30.6,36.8333]}},{"type":"Feature","properties":{"port_id":"PORT_TRBDM","name":"Bandirma","name_ascii":"Bandirma","country_name":"Turkey","country_iso2":"TR","country_iso3":"TUR","unlocode":"TRBDM","status":"AI","function":"1234----","outflows":19968.0,"outflows_confidence":"STATISTICAL","grid_cell":[98,415],"snap_km":48.1,"routable":true,"confidence":"OBSERVED"},"geometry":{"type":"Point","coordinates":[27.9667,40.35]}},{"type":"Feature","properties":{"port_id":"PORT_TRDRC","name":"Derince","name_ascii":"Derince","country_name":"Turkey","country_iso2":"TR","country_iso3":"TUR","unlocode":"TRDRC","status":"QQ","function":"1-3-----","outflows":303927.0,"outflows_confidence":"STATISTICAL","grid_cell":[97,419],"snap_km":55.09,"routable":true,"confidence":"OBSERVED"},"geometry":{"type":"Point","coordinates":[29.8147,40.7569]}},{"type":"Feature","properties":{"port_id":"PORT_TRELI","name":"Eregli","name_ascii":"Eregli","country_name":"Turkey","country_iso2":"TR","country_iso3":"TUR","unlocode":"TRELI","status":"RL","function":"--3-----","outflows":46215.0,"outflows_confidence":"STATISTICAL","grid_cell":[106,429],"snap_km":103.95,"routable":true,"confidence":"OBSERVED"},"geometry":{"type":"Point","coordinates":[34.05,37.5]}},{"type":"Feature","properties":{"port_id":"PORT_TREYP","name":"Evyap Port /Kocaeli","name_ascii":"Evyap Port /Kocaeli","country_name":"Turkey","country_iso2":"TR","country_iso3":"TUR","unlocode":"TREYP","status":"RL","function":"123-----","outflows":2234864.6663,"outflows_confidence":"STATISTICAL","grid_cell":[97,419],"snap_km":53.91,"routable":true,"confidence":"OBSERVED"},"geometry":{"type":"Point","coordinates":[29.7,40.7667]}},{"type":"Feature","properties":{"port_id":"PORT_TRGEB","name":"Gebze","name_ascii":"Gebze","country_name":"Turkey","country_iso2":"TR","country_iso3":"TUR","unlocode":"TRGEB","status":"RL","function":"123-----","outflows":3850254.1414999994,"outflows_confidence":"STATISTICAL","grid_cell":[97,418],"snap_km":53.74,"routable":true,"confidence":"OBSERVED"},"geometry":{"type":"Point","coordinates":[29.4167,40.7833]}},{"type":"Feature","properties":{"port_id":"PORT_TRGEM","name":"Gemlik","name_ascii":"Gemlik","country_name":"Turkey","country_iso2":"TR","country_iso3":"TUR","unlocode":"TRGEM","status":"RL","function":"1-------","outflows":5852461.241410001,"outflows_confidence":"STATISTICAL","grid_cell":[98,417],"snap_km":50.15,"routable":true,"confidence":"OBSERVED"},"geometry":{"type":"Point","coordinates":[29.15,40.4167]}},{"type":"Feature","properties":{"port_id":"PORT_TRHAY","name":"Haydarpasa","name_ascii":"Haydarpasa","country_name":"Turkey","country_iso2":"TR","country_iso3":"TUR","unlocode":"TRHAY","status":"QQ","function":"1-3-----","outflows":220592.66669000004,"outflows_confidence":"STATISTICAL","grid_cell":[97,418],"snap_km":33.98,"routable":true,"confidence":"OBSERVED"},"geometry":{"type":"Point","coordinates":[29.0246,40.996]}},{"type":"Feature","properties":{"port_id":"PORT_TRISK","name":"Iskenderun","name_ascii":"Iskenderun","country_name":"Turkey","country_iso2":"TR","country_iso3":"TUR","unlocode":"TRISK","status":"RL","function":"123-----","outflows":5577045.5832400005,"outflows_confidence":"STATISTICAL","grid_cell":[106,431],"snap_km":41.53,"routable":true,"confidence":"OBSERVED"},"geometry":{"type":"Point","coordinates":[36.1667,36.5833]}},{"type":"Feature","properties":{"port_id":"PORT_TRIZM","name":"Izmir","name_ascii":"Izmir","country_name":"Turkey","country_iso2":"TR","country_iso3":"TUR","unlocode":"TRIZM","status":"AI","function":"12345---","outflows":3559402.8750300007,"outflows_confidence":"STATISTICAL","grid_cell":[102,413],"snap_km":50.82,"routable":true,"confidence":"OBSERVED"},"geometry":{"type":"Point","coordinates":[27.15,38.4167]}},{"type":"Feature","properties":{"port_id":"PORT_TRIZT","name":"Izmit","name_ascii":"Izmit","country_name":"Turkey","country_iso2":"TR","country_iso3":"TUR","unlocode":"TRIZT","status":"RL","function":"123-----","outflows":8619638.166509997,"outflows_confidence":"STATISTICAL","grid_cell":[97,419],"snap_km":54.54,"routable":true,"confidence":"OBSERVED"},"geometry":{"type":"Point","coordinates":[29.95,40.7833]}},{"type":"Feature","properties":{"port_id":"PORT_TRKMX","name":"Kumport","name_ascii":"Kumport","country_name":"Turkey","country_iso2":"TR","country_iso3":"TUR","unlocode":"TRKMX","status":"RQ","function":"123-----","outflows":829400.0,"outflows_confidence":"STATISTICAL","grid_cell":[98,417],"snap_km":22.94,"routable":true,"confidence":"OBSERVED"},"geometry":{"type":"Point","coordinates":[28.8167,40.95]}},{"type":"Feature","properties":{"port_id":"PORT_TRLMA","name":"Limas","name_ascii":"Limas","country_name":"Turkey","country_iso2":"TR","country_iso3":"TUR","unlocode":"TRLMA","status":"RQ","function":"1-------","outflows":31720.0,"outflows_confidence":"STATISTICAL","grid_cell":[102,413],"snap_km":14.45,"routable":true,"confidence":"OBSERVED"},"geometry":{"type":"Point","coordinates":[26.9167,38.75]}},{"type":"Feature","properties":{"port_id":"PORT_TRMAD","name":"Mardas","name_ascii":"Mardas","country_name":"Turkey","country_iso2":"TR","country_iso3":"TUR","unlocode":"TRMAD","status":"RQ","function":"123-----","outflows":103532.0,"outflows_confidence":"STATISTICAL","grid_cell":[98,417],"snap_km":34.09,"routable":true,"confidence":"OBSERVED"},"geometry":{"type":"Point","coordinates":[28.95,41.0167]}},{"type":"Feature","properties":{"port_id":"PORT_TRMER","name":"Mersin","name_ascii":"Mersin","country_name":"Turkey","country_iso2":"TR","country_iso3":"TUR","unlocode":"TRMER","status":"RL","function":"123-----","outflows":9929684.132790001,"outflows_confidence":"STATISTICAL","grid_cell":[106,429],"snap_km":11.04,"routable":true,"confidence":"OBSERVED"},"geometry":{"type":"Point","coordinates":[34.6333,36.7167]}},{"type":"Feature","properties":{"port_id":"PORT_TRPAM","name":"Ambarli","name_ascii":"Ambarli","country_name":"Turkey","country_iso2":"TR","country_iso3":"TUR","unlocode":"TRPAM","status":"RL","function":"--3-----","outflows":14411413.266529994,"outflows_confidence":"STATISTICAL","grid_cell":[97,438],"snap_km":25.08,"routable":true,"confidence":"OBSERVED"},"geometry":{"type":"Point","coordinates":[39.1667,41.0333]}},{"type":"Feature","properties":{"port_id":"PORT_TRSSX","name":"Samsun","name_ascii":"Samsun","country_name":"Turkey","country_iso2":"TR","country_iso3":"TUR","unlocode":"TRSSX","status":"AI","function":"1--4----","outflows":105306.5,"outflows_confidence":"STATISTICAL","grid_cell":[96,432],"snap_km":52.35,"routable":true,"confidence":"OBSERVED"},"geometry":{"type":"Point","coordinates":[36.3333,41.2833]}},{"type":"Feature","properties":{"port_id":"PORT_TRTEK","name":"Tekirdag","name_ascii":"Tekirdag","country_name":"Turkey","country_iso2":"TR","country_iso3":"TUR","unlocode":"TRTEK","status":"AI","function":"1234----","outflows":4941615.374979999,"outflows_confidence":"STATISTICAL","grid_cell":[98,415],"snap_km":31.07,"routable":true,"confidence":"OBSERVED"},"geometry":{"type":"Point","coordinates":[27.5167,40.9667]}},{"type":"Feature","properties":{"port_id":"PORT_TRTZX","name":"Trabzon","name_ascii":"Trabzon","country_name":"Turkey","country_iso2":"TR","country_iso3":"TUR","unlocode":"TRTZX","status":"AI","function":"1-34----","outflows":14760.0,"outflows_confidence":"STATISTICAL","grid_cell":[97,439],"snap_km":27.83,"routable":true,"confidence":"OBSERVED"},"geometry":{"type":"Point","coordinates":[39.7333,41.0]}},{"type":"Feature","properties":{"port_id":"PORT_TRYAR","name":"Yarimca","name_ascii":"Yarimca","country_name":"Turkey","country_iso2":"TR","country_iso3":"TUR","unlocode":"TRYAR","status":"QQ","function":"1-------","outflows":895813.9999800001,"outflows_confidence":"STATISTICAL","grid_cell":null,"snap_km":null,"routable":false,"confidence":"OBSERVED"},"geometry":{"type":"Point","coordinates":[31.1419,39.0836]}},{"type":"Feature","properties":{"port_id":"PORT_TRYPO","name":"Yilport","name_ascii":"Yilport","country_name":"Turkey","country_iso2":"TR","country_iso3":"TUR","unlocode":"TRYPO","status":"RL","function":"1-3-----","outflows":253751.33331,"outflows_confidence":"STATISTICAL","grid_cell":[97,419],"snap_km":56.74,"routable":true,"confidence":"OBSERVED"},"geometry":{"type":"Point","coordinates":[29.5333,40.7667]}},{"type":"Feature","properties":{"port_id":"PORT_TTPOS","name":"Port-of-Spain","name_ascii":"Port-of-Spain","country_name":"Trinidad and Tobago","country_iso2":"TT","country_iso3":"TTO","unlocode":"TTPOS","status":"AI","function":"1--45---","outflows":1136813.0,"outflows_confidence":"STATISTICAL","grid_cell":[158,236],"snap_km":27.81,"routable":true,"confidence":"OBSERVED"},"geometry":{"type":"Point","coordinates":[-61.5167,10.65]}},{"type":"Feature","properties":{"port_id":"PORT_TWTPE","name":"Taipei","name_ascii":"Taipei","country_name":"Taiwan, Province of China","country_iso2":"TW","country_iso3":"TWN","unlocode":"TWTPE","status":"AI","function":"1--45---","outflows":10793107.077210007,"outflows_confidence":"STATISTICAL","grid_cell":[129,603],"snap_km":33.65,"routable":true,"confidence":"OBSERVED"},"geometry":{"type":"Point","coordinates":[121.5167,25.0333]}},{"type":"Feature","properties":{"port_id":"PORT_TZDAR","name":"Dar es Salaam","name_ascii":"Dar es Salaam","country_name":"Tanzania, United Republic of","country_iso2":"TZ","country_iso3":"TZA","unlocode":"TZDAR","status":"AI","function":"12345---","outflows":1404403.5674399997,"outflows_confidence":"STATISTICAL","grid_cell":[193,439],"snap_km":51.83,"routable":true,"confidence":"OBSERVED"},"geometry":{"type":"Point","coordinates":[39.2833,-6.8]}},{"type":"Feature","properties":{"port_id":"PORT_UAILK","name":"Chornomorsk","name_ascii":"Chornomorsk","country_name":"Ukraine","country_iso2":"UA","country_iso3":"UKR","unlocode":"UAILK","status":"AA","function":"123-----","outflows":1398819.49998,"outflows_confidence":"STATISTICAL","grid_cell":[87,421],"snap_km":9.8,"routable":true,"confidence":"OBSERVED"},"geometry":{"type":"Point","coordinates":[30.6667,46.3167]}},{"type":"Feature","properties":{"port_id":"PORT_UAODS","name":"Odesa","name_ascii":"Odesa","country_name":"Ukraine","country_iso2":"UA","country_iso3":"UKR","unlocode":"UAODS","status":"AA","function":"1234-6--","outflows":2843490.8999800007,"outflows_confidence":"STATISTICAL","grid_cell":[87,421],"snap_km":27.8,"routable":true,"confidence":"OBSERVED"},"geometry":{"type":"Point","coordinates":[30.75,46.5]}},{"type":"Feature","properties":{"port_id":"PORT_UAYUZ","name":"Yuzhnyi","name_ascii":"Yuzhnyi","country_name":"Ukraine","country_iso2":"UA","country_iso3":"UKR","unlocode":"UAYUZ","status":"AA","function":"1-------","outflows":1861645.5,"outflows_confidence":"STATISTICAL","grid_cell":[87,422],"snap_km":42.83,"routable":true,"confidence":"OBSERVED"},"geometry":{"type":"Point","coordinates":[31.0167,46.6]}},{"type":"Feature","properties":{"port_id":"PORT_USACL","name":"Chester","name_ascii":"Chester","country_name":"United States","country_iso2":"US","country_iso3":"USA","unlocode":"USACL","status":"RL","function":"-23-----","outflows":109902.0,"outflows_confidence":"STATISTICAL","grid_cell":[94,218],"snap_km":159.75,"routable":true,"confidence":"OBSERVED"},"geometry":{"type":"Point","coordinates":[-72.5833,43.2667]}},{"type":"Feature","properties":{"port_id":"PORT_USADQ","name":"Kodiak","name_ascii":"Kodiak","country_name":"United States","country_iso2":"US","country_iso3":"USA","unlocode":"USADQ","status":"AI","function":"---4----","outflows":61671.99999,"outflows_confidence":"STATISTICAL","grid_cell":[64,55],"snap_km":10.16,"routable":true,"confidence":"OBSERVED"},"geometry":{"type":"Point","coordinates":[-152.4053,57.7885]}},{"type":"Feature","properties":{"port_id":"PORT_USANC","name":"Anchorage","name_ascii":"Anchorage","country_name":"United States","country_iso2":"US","country_iso3":"USA","unlocode":"USANC","status":"AI","function":"1--45---","outflows":61671.99999,"outflows_confidence":"STATISTICAL","grid_cell":[57,59],"snap_km":19.05,"routable":true,"confidence":"OBSERVED"},"geometry":{"type":"Point","coordinates":[-149.9003,61.2181]}},{"type":"Feature","properties":{"port_id":"PORT_USBAL","name":"Baltimore","name_ascii":"Baltimore","country_name":"United States","country_iso2":"US","country_iso3":"USA","unlocode":"USBAL","status":"RL","function":"123-----","outflows":6053080.24489,"outflows_confidence":"STATISTICAL","grid_cell":[102,207],"snap_km":67.23,"routable":true,"confidence":"OBSERVED"},"geometry":{"type":"Point","coordinates":[-76.6167,39.2833]}},{"type":"Feature","properties":{"port_id":"PORT_USBCK","name":"Brunswick","name_ascii":"Brunswick","country_name":"United States","country_iso2":"US","country_iso3":"USA","unlocode":"USBCK","status":"RL","function":"--3-----","outflows":48681.0,"outflows_confidence":"STATISTICAL","grid_cell":[99,212],"snap_km":65.0,"routable":true,"confidence":"OBSERVED"},"geometry":{"type":"Point","coordinates":[-74.4518,40.4862]}},{"type":"Feature","properties":{"port_id":"PORT_USBOS","name":"Boston","name_ascii":"Boston","country_name":"United States","country_iso2":"US","country_iso3":"USA","unlocode":"USBOS","status":"AI","function":"1--45---","outflows":1565893.3335999998,"outflows_confidence":"STATISTICAL","grid_cell":[95,218],"snap_km":28.18,"routable":true,"confidence":"OBSERVED"},"geometry":{"type":"Point","coordinates":[-71.0598,42.3584]}},{"type":"Feature","properties":{"port_id":"PORT_USBPT","name":"Beaumont","name_ascii":"Beaumont","country_name":"United States","country_iso2":"US","country_iso3":"USA","unlocode":"USBPT","status":"AI","function":"1--4----","outflows":34041.0,"outflows_confidence":"STATISTICAL","grid_cell":[120,172],"snap_km":50.46,"routable":true,"confidence":"OBSERVED"},"geometry":{"type":"Point","coordinates":[-94.1018,30.0861]}},{"type":"Feature","properties":{"port_id":"PORT_USCAT","name":"Camden","name_ascii":"Camden","country_name":"United States","country_iso2":"US","country_iso3":"USA","unlocode":"USCAT","status":"RQ","function":"--3-----","outflows":176498.0,"outflows_confidence":"STATISTICAL","grid_cell":[101,211],"snap_km":105.84,"routable":true,"confidence":"OBSERVED"},"geometry":{"type":"Point","coordinates":[-75.1196,39.926]}},{"type":"Feature","properties":{"port_id":"PORT_USCAV","name":"Cleveland","name_ascii":"Cleveland","country_name":"United States","country_iso2":"US","country_iso3":"USA","unlocode":"USCAV","status":"RQ","function":"--3-----","outflows":1974.0,"outflows_confidence":"STATISTICAL","grid_cell":null,"snap_km":null,"routable":false,"confidence":"OBSERVED"},"geometry":{"type":"Point","coordinates":[-81.6954,41.4995]}},{"type":"Feature","properties":{"port_id":"PORT_USCHS","name":"Charleston","name_ascii":"Charleston","country_name":"United States","country_iso2":"US","country_iso3":"USA","unlocode":"USCHS","status":"AI","function":"1--4----","outflows":23192728.69687001,"outflows_confidence":"STATISTICAL","grid_cell":[114,200],"snap_km":16.77,"routable":true,"confidence":"OBSERVED"},"geometry":{"type":"Point","coordinates":[-79.9244,32.785]}},{"type":"Feature","properties":{"port_id":"PORT_USCRP","name":"Corpus Christi","name_ascii":"Corpus Christi","country_name":"United States","country_iso2":"US","country_iso3":"USA","unlocode":"USCRP","status":"AI","function":"1--4----","outflows":53712.0,"outflows_confidence":"STATISTICAL","grid_cell":[124,165],"snap_km":15.46,"routable":true,"confidence":"OBSERVED"},"geometry":{"type":"Point","coordinates":[-97.3964,27.8006]}},{"type":"Feature","properties":{"port_id":"PORT_USDUT","name":"Dutch Harbor","name_ascii":"Dutch Harbor","country_name":"United States","country_iso2":"US","country_iso3":"USA","unlocode":"USDUT","status":"AI","function":"1--4----","outflows":378795.99999,"outflows_confidence":"STATISTICAL","grid_cell":[72,27],"snap_km":24.69,"routable":true,"confidence":"OBSERVED"},"geometry":{"type":"Point","coordinates":[-166.5422,53.8898]}},{"type":"Feature","properties":{"port_id":"PORT_USEPI","name":"Eastport","name_ascii":"Eastport","country_name":"United States","country_iso2":"US","country_iso3":"USA","unlocode":"USEPI","status":"RN","function":"--3----B","outflows":28364.0,"outflows_confidence":"STATISTICAL","grid_cell":[90,225],"snap_km":27.21,"routable":true,"confidence":"OBSERVED"},"geometry":{"type":"Point","coordinates":[-67.0005,44.919]}},{"type":"Feature","properties":{"port_id":"PORT_USFEB","name":"Fernandina Beach","name_ascii":"Fernandina Beach","country_name":"United States","country_iso2":"US","country_iso3":"USA","unlocode":"USFEB","status":"RL","function":"1-3-----","outflows":2700.0,"outflows_confidence":"STATISTICAL","grid_cell":[118,197],"snap_km":21.25,"routable":true,"confidence":"OBSERVED"},"geometry":{"type":"Point","coordinates":[-81.45,30.6667]}},{"type":"Feature","properties":{"port_id":"PORT_USFEP","name":"Freeport","name_ascii":"Freeport","country_name":"United States","country_iso2":"US","country_iso3":"USA","unlocode":"USFEP","status":"AI","function":"---4----","outflows":751787.11119,"outflows_confidence":"STATISTICAL","grid_cell":[92,220],"snap_km":30.73,"routable":true,"confidence":"OBSERVED"},"geometry":{"type":"Point","coordinates":[-70.1031,43.857]}},{"type":"Feature","properties":{"port_id":"PORT_USGFP","name":"Gulfport","name_ascii":"Gulfport","country_name":"United States","country_iso2":"US","country_iso3":"USA","unlocode":"USGFP","status":"RQ","function":"--3--6--","outflows":179625.33335,"outflows_confidence":"STATISTICAL","grid_cell":[119,181],"snap_km":21.31,"routable":true,"confidence":"OBSERVED"},"geometry":{"type":"Point","coordinates":[-89.0849,30.3782]}},{"type":"Feature","properties":{"port_id":"PORT_USGLC","name":"Gloucester City","name_ascii":"Gloucester City","country_name":"United States","country_iso2":"US","country_iso3":"USA","unlocode":"USGLC","status":"RN","function":"1-3-----","outflows":59686.5,"outflows_confidence":"STATISTICAL","grid_cell":[94,218],"snap_km":16.7,"routable":true,"confidence":"OBSERVED"},"geometry":{"type":"Point","coordinates":[-70.6631,42.614]}},{"type":"Feature","properties":{"port_id":"PORT_USGLS","name":"Galveston","name_ascii":"Galveston","country_name":"United States","country_iso2":"US","country_iso3":"USA","unlocode":"USGLS","status":"AI","function":"1--4----","outflows":47326.5,"outflows_confidence":"STATISTICAL","grid_cell":[121,170],"snap_km":7.35,"routable":true,"confidence":"OBSERVED"},"geometry":{"type":"Point","coordinates":[-94.7977,29.3013]}},{"type":"Feature","properties":{"port_id":"PORT_USHKA","name":"Houston","name_ascii":"Houston","country_name":"United States","country_iso2":"US","country_iso3":"USA","unlocode":"USHKA","status":"RL","function":"-23--6--","outflows":14456458.251239998,"outflows_confidence":"STATISTICAL","grid_cell":[57,59],"snap_km":48.45,"routable":true,"confidence":"OBSERVED"},"geometry":{"type":"Point","coordinates":[-149.8167,61.6333]}},{"type":"Feature","properties":{"port_id":"PORT_USHNL","name":"Honolulu","name_ascii":"Honolulu","country_name":"United States","country_iso2":"US","country_iso3":"USA","unlocode":"USHNL","status":"AI","function":"1-345---","outflows":808514.83334,"outflows_confidence":"STATISTICAL","grid_cell":[137,44],"snap_km":11.76,"routable":true,"confidence":"OBSERVED"},"geometry":{"type":"Point","coordinates":[-157.85,21.3]}},{"type":"Feature","properties":{"port_id":"PORT_USIJX","name":"Jacksonville","name_ascii":"Jacksonville","country_name":"United States","country_iso2":"US","country_iso3":"USA","unlocode":"USIJX","status":"AI","function":"---4----","outflows":5087986.30442,"outflows_confidence":"STATISTICAL","grid_cell":[119,197],"snap_km":40.01,"routable":true,"confidence":"OBSERVED"},"geometry":{"type":"Point","coordinates":[-81.6556,30.3322]}},{"type":"Feature","properties":{"port_id":"PORT_USILG","name":"Wilmington","name_ascii":"Wilmington","country_name":"United States","country_iso2":"US","country_iso3":"USA","unlocode":"USILG","status":"AI","function":"1--4----","outflows":290589.0,"outflows_confidence":"STATISTICAL","grid_cell":[101,211],"snap_km":124.17,"routable":true,"confidence":"OBSERVED"},"geometry":{"type":"Point","coordinates":[-75.5466,39.746]}},{"type":"Feature","properties":{"port_id":"PORT_USILM","name":"Wilmington","name_ascii":"Wilmington","country_name":"United States","country_iso2":"US","country_iso3":"USA","unlocode":"USILM","status":"AI","function":"1--4----","outflows":2749421.5816,"outflows_confidence":"STATISTICAL","grid_cell":[111,204],"snap_km":17.26,"routable":true,"confidence":"OBSERVED"},"geometry":{"type":"Point","coordinates":[-77.9333,34.2167]}},{"type":"Feature","properties":{"port_id":"PORT_USKND","name":"Oakland","name_ascii":"Oakland","country_name":"United States","country_iso2":"US","country_iso3":"USA","unlocode":"USKND","status":"RL","function":"-23-----","outflows":17163885.23512,"outflows_confidence":"STATISTICAL","grid_cell":[104,114],"snap_km":50.77,"routable":true,"confidence":"OBSERVED"},"geometry":{"type":"Point","coordinates":[-122.2203,37.9329]}},{"type":"Feature","properties":{"port_id":"PORT_USLAX","name":"Los Angeles","name_ascii":"Los Angeles","country_name":"United States","country_iso2":"US","country_iso3":"USA","unlocode":"USLAX","status":"AI","function":"1--45---","outflows":12755714.04884,"outflows_confidence":"STATISTICAL","grid_cell":[112,123],"snap_km":33.61,"routable":true,"confidence":"OBSERVED"},"geometry":{"type":"Point","coordinates":[-118.2437,34.0522]}},{"type":"Feature","properties":{"port_id":"PORT_USLGB","name":"Long Beach","name_ascii":"Long Beach","country_name":"United States","country_iso2":"US","country_iso3":"USA","unlocode":"USLGB","status":"AI","function":"1234----","outflows":12114713.79308,"outflows_confidence":"STATISTICAL","grid_cell":[112,123],"snap_km":6.44,"routable":true,"confidence":"OBSERVED"},"geometry":{"type":"Point","coordinates":[-118.1833,33.7667]}},{"type":"Feature","properties":{"port_id":"PORT_USMIA","name":"Miami","name_ascii":"Miami","country_name":"United States","country_iso2":"US","country_iso3":"USA","unlocode":"USMIA","status":"AI","function":"1--45---","outflows":6651073.40288,"outflows_confidence":"STATISTICAL","grid_cell":[128,200],"snap_km":44.51,"routable":true,"confidence":"OBSERVED"},"geometry":{"type":"Point","coordinates":[-80.1937,25.7743]}},{"type":"Feature","properties":{"port_id":"PORT_USMOB","name":"Mobile","name_ascii":"Mobile","country_name":"United States","country_iso2":"US","country_iso3":"USA","unlocode":"USMOB","status":"AI","function":"1--4----","outflows":3378854.4003,"outflows_confidence":"STATISTICAL","grid_cell":[119,183],"snap_km":53.24,"routable":true,"confidence":"OBSERVED"},"geometry":{"type":"Point","coordinates":[-88.043,30.6944]}},{"type":"Feature","properties":{"port_id":"PORT_USMRH","name":"Morehead City","name_ascii":"Morehead City","country_name":"United States","country_iso2":"US","country_iso3":"USA","unlocode":"USMRH","status":"RN","function":"1-3-----","outflows":44898.75,"outflows_confidence":"STATISTICAL","grid_cell":[110,207],"snap_km":43.6,"routable":true,"confidence":"OBSERVED"},"geometry":{"type":"Point","coordinates":[-76.726,34.7229]}},{"type":"Feature","properties":{"port_id":"PORT_USMSY","name":"New Orleans","name_ascii":"New Orleans","country_name":"United States","country_iso2":"US","country_iso3":"USA","unlocode":"USMSY","status":"AI","function":"12345---","outflows":8818359.613815997,"outflows_confidence":"STATISTICAL","grid_cell":null,"snap_km":null,"routable":false,"confidence":"OBSERVED"},"geometry":{"type":"Point","coordinates":[-90.0751,29.9547]}},{"type":"Feature","properties":{"port_id":"PORT_USNFF","name":"Norfolk","name_ascii":"Norfolk","country_name":"United States","country_iso2":"US","country_iso3":"USA","unlocode":"USNFF","status":"RL","function":"--3--6--","outflows":20779844.87701,"outflows_confidence":"STATISTICAL","grid_cell":[97,214],"snap_km":91.4,"routable":true,"confidence":"OBSERVED"},"geometry":{"type":"Point","coordinates":[-73.2,42.0]}},{"type":"Feature","properties":{"port_id":"PORT_USNTD","name":"Port Hueneme","name_ascii":"Port Hueneme","country_name":"United States","country_iso2":"US","country_iso3":"USA","unlocode":"USNTD","status":"AI","function":"1234-6--","outflows":585733.2,"outflows_confidence":"STATISTICAL","grid_cell":[112,121],"snap_km":43.07,"routable":true,"confidence":"OBSERVED"},"geometry":{"type":"Point","coordinates":[-119.1833,34.1333]}},{"type":"Feature","properties":{"port_id":"PORT_USNYC","name":"New York","name_ascii":"New York","country_name":"United States","country_iso2":"US","country_iso3":"USA","unlocode":"USNYC","status":"AI","function":"12345---","outflows":27396473.86529,"outflows_confidence":"STATISTICAL","grid_cell":[99,212],"snap_km":54.32,"routable":true,"confidence":"OBSERVED"},"geometry":{"type":"Point","coordinates":[-74.0,40.7]}},{"type":"Feature","properties":{"port_id":"PORT_USPAE","name":"Everett","name_ascii":"Everett","country_name":"United States","country_iso2":"US","country_iso3":"USA","unlocode":"USPAE","status":"AI","function":"1-34----","outflows":152295.00003000002,"outflows_confidence":"STATISTICAL","grid_cell":[83,114],"snap_km":50.62,"routable":true,"confidence":"OBSERVED"},"geometry":{"type":"Point","coordinates":[-122.2021,47.979]}},{"type":"Feature","properties":{"port_id":"PORT_USPBI","name":"West Palm Beach","name_ascii":"West Palm Beach","country_name":"United States","country_iso2":"US","country_iso3":"USA","unlocode":"USPBI","status":"AI","function":"1--4----","outflows":222144.0,"outflows_confidence":"STATISTICAL","grid_cell":[126,200],"snap_km":30.37,"routable":true,"confidence":"OBSERVED"},"geometry":{"type":"Point","coordinates":[-80.0534,26.7153]}},{"type":"Feature","properties":{"port_id":"PORT_USPDP","name":"Philadelphia","name_ascii":"Philadelphia","country_name":"United States","country_iso2":"US","country_iso3":"USA","unlocode":"USPDP","status":"RL","function":"-23--6--","outflows":5743740.183582998,"outflows_confidence":"STATISTICAL","grid_cell":null,"snap_km":null,"routable":false,"confidence":"OBSERVED"},"geometry":{"type":"Point","coordinates":[-75.7167,44.15]}},{"type":"Feature","properties":{"port_id":"PORT_USPDX","name":"Portland","name_ascii":"Portland","country_name":"United States","country_iso2":"US","country_iso3":"USA","unlocode":"USPDX","status":"AI","function":"1--4----","outflows":336570.0,"outflows_confidence":"STATISTICAL","grid_cell":[88,111],"snap_km":124.92,"routable":true,"confidence":"OBSERVED"},"geometry":{"type":"Point","coordinates":[-122.6762,45.5234]}},{"type":"Feature","properties":{"port_id":"PORT_USPEF","name":"Port Everglades","name_ascii":"Port Everglades","country_name":"United States","country_iso2":"US","country_iso3":"USA","unlocode":"USPEF","status":"RN","function":"1-34----","outflows":3155879.738120001,"outflows_confidence":"STATISTICAL","grid_cell":[127,200],"snap_km":41.73,"routable":true,"confidence":"OBSERVED"},"geometry":{"type":"Point","coordinates":[-80.1333,26.1]}},{"type":"Feature","properties":{"port_id":"PORT_USPFN","name":"Panama City","name_ascii":"Panama City","country_name":"United States","country_iso2":"US","country_iso3":"USA","unlocode":"USPFN","status":"AI","function":"1--4----","outflows":82722.0,"outflows_confidence":"STATISTICAL","grid_cell":[120,188],"snap_km":46.35,"routable":true,"confidence":"OBSERVED"},"geometry":{"type":"Point","coordinates":[-85.6598,30.1595]}},{"type":"Feature","properties":{"port_id":"PORT_USPME","name":"Port Manatee","name_ascii":"Port Manatee","country_name":"United States","country_iso2":"US","country_iso3":"USA","unlocode":"USPME","status":"RL","function":"1-3-----","outflows":88523.5,"outflows_confidence":"STATISTICAL","grid_cell":[124,194],"snap_km":23.58,"routable":true,"confidence":"OBSERVED"},"geometry":{"type":"Point","coordinates":[-82.55,27.6333]}},{"type":"Feature","properties":{"port_id":"PORT_USPWM","name":"Portland","name_ascii":"Portland","country_name":"United States","country_iso2":"US","country_iso3":"USA","unlocode":"USPWM","status":"AI","function":"1--4----","outflows":27248.000001,"outflows_confidence":"STATISTICAL","grid_cell":[88,111],"snap_km":124.92,"routable":true,"confidence":"OBSERVED"},"geometry":{"type":"Point","coordinates":[-122.6762,45.5234]}},{"type":"Feature","properties":{"port_id":"PORT_USSAN","name":"San Diego","name_ascii":"San Diego","country_name":"United States","country_iso2":"US","country_iso3":"USA","unlocode":"USSAN","status":"AI","function":"1-34----","outflows":60060.0,"outflows_confidence":"STATISTICAL","grid_cell":[114,125],"snap_km":10.88,"routable":true,"confidence":"OBSERVED"},"geometry":{"type":"Point","coordinates":[-117.15,32.7]}},{"type":"Feature","properties":{"port_id":"PORT_USSAV","name":"Savannah","name_ascii":"Savannah","country_name":"United States","country_iso2":"US","country_iso3":"USA","unlocode":"USSAV","status":"AI","function":"1--4----","outflows":26558703.755599998,"outflows_confidence":"STATISTICAL","grid_cell":[116,198],"snap_km":49.66,"routable":true,"confidence":"OBSERVED"},"geometry":{"type":"Point","coordinates":[-81.0998,32.0835]}},{"type":"Feature","properties":{"port_id":"PORT_USSCK","name":"Stockton","name_ascii":"Stockton","country_name":"United States","country_iso2":"US","country_iso3":"USA","unlocode":"USSCK","status":"AI","function":"1-34----","outflows":27774.0,"outflows_confidence":"STATISTICAL","grid_cell":[104,114],"snap_km":130.68,"routable":true,"confidence":"OBSERVED"},"geometry":{"type":"Point","coordinates":[-121.2833,37.95]}},{"type":"Feature","properties":{"port_id":"PORT_USSEA","name":"Seattle","name_ascii":"Seattle","country_name":"United States","country_iso2":"US","country_iso3":"USA","unlocode":"USSEA","status":"AI","function":"1--45---","outflows":10283805.920580002,"outflows_confidence":"STATISTICAL","grid_cell":[83,114],"snap_km":78.07,"routable":true,"confidence":"OBSERVED"},"geometry":{"type":"Point","coordinates":[-122.3321,47.6062]}},{"type":"Feature","properties":{"port_id":"PORT_USTIW","name":"Tacoma","name_ascii":"Tacoma","country_name":"United States","country_iso2":"US","country_iso3":"USA","unlocode":"USTIW","status":"AI","function":"1--4----","outflows":4139226.61899,"outflows_confidence":"STATISTICAL","grid_cell":[83,114],"snap_km":113.21,"routable":true,"confidence":"OBSERVED"},"geometry":{"type":"Point","coordinates":[-122.4443,47.2529]}},{"type":"Feature","properties":{"port_id":"PORT_USTPA","name":"Tampa","name_ascii":"Tampa","country_name":"United States","country_iso2":"US","country_iso3":"USA","unlocode":"USTPA","status":"AI","function":"1--45---","outflows":1911998.4003,"outflows_confidence":"STATISTICAL","grid_cell":[124,194],"snap_km":36.11,"routable":true,"confidence":"OBSERVED"},"geometry":{"type":"Point","coordinates":[-82.4584,27.9475]}},{"type":"Feature","properties":{"port_id":"PORT_USVAN","name":"Vancouver","name_ascii":"Vancouver","country_name":"United States","country_iso2":"US","country_iso3":"USA","unlocode":"USVAN","status":"RN","function":"1-3-----","outflows":65700.0,"outflows_confidence":"STATISTICAL","grid_cell":[88,111],"snap_km":123.99,"routable":true,"confidence":"OBSERVED"},"geometry":{"type":"Point","coordinates":[-122.6615,45.6387]}},{"type":"Feature","properties":{"port_id":"PORT_UYMVD","name":"Montevideo","name_ascii":"Montevideo","country_name":"Uruguay","country_iso2":"UY","country_iso3":"URY","unlocode":"UYMVD","status":"AF","function":"1--45---","outflows":11543641.215,"outflows_confidence":"STATISTICAL","grid_cell":[250,247],"snap_km":38.96,"routable":true,"confidence":"OBSERVED"},"geometry":{"type":"Point","coordinates":[-56.1882,-34.9033]}},{"type":"Feature","properties":{"port_id":"PORT_UYPTP","name":"Punta Pereyra","name_ascii":"Punta Pereyra","country_name":"Uruguay","country_iso2":"UY","country_iso3":"URY","unlocode":"UYPTP","status":"RQ","function":"--3-----","outflows":7800.0,"outflows_confidence":"STATISTICAL","grid_cell":[248,243],"snap_km":16.95,"routable":true,"confidence":"OBSERVED"},"geometry":{"type":"Point","coordinates":[-58.0667,-34.2333]}},{"type":"Feature","properties":{"port_id":"PORT_VCKTN","name":"Kingstown","name_ascii":"Kingstown","country_name":"Saint Vincent and the Grenadines","country_iso2":"VC","country_iso3":"VCT","unlocode":"VCKTN","status":"RL","function":"1--45---","outflows":225040.4,"outflows_confidence":"STATISTICAL","grid_cell":[153,237],"snap_km":13.47,"routable":true,"confidence":"OBSERVED"},"geometry":{"type":"Point","coordinates":[-61.2167,13.1333]}},{"type":"Feature","properties":{"port_id":"PORT_VEPLA","name":"Palúa","name_ascii":"Palua","country_name":"Venezuela, Bolivarian Republic of","country_iso2":"VE","country_iso3":"VEN","unlocode":"VEPLA","status":"AI","function":"1--4----","outflows":15540.0,"outflows_confidence":"STATISTICAL","grid_cell":null,"snap_km":null,"routable":false,"confidence":"OBSERVED"},"geometry":{"type":"Point","coordinates":[-62.6667,8.35]}},{"type":"Feature","properties":{"port_id":"PORT_VICHA","name":"Charlotte Amalie, Saint Thomas","name_ascii":"Charlotte Amalie, Saint Thomas","country_name":"Virgin Islands, U.S.","country_iso2":"VI","country_iso3":"VIR","unlocode":"VICHA","status":"AI","function":"1-------","outflows":307918.0,"outflows_confidence":"STATISTICAL","grid_cell":[143,230],"snap_km":21.64,"routable":true,"confidence":"OBSERVED"},"geometry":{"type":"Point","coordinates":[-64.9307,18.3419]}},{"type":"Feature","properties":{"port_id":"PORT_VICTD","name":"Christiansted, Saint Croix","name_ascii":"Christiansted, Saint Croix","country_name":"Virgin Islands, U.S.","country_iso2":"VI","country_iso3":"VIR","unlocode":"VICTD","status":"AI","function":"1-------","outflows":11076.0,"outflows_confidence":"STATISTICAL","grid_cell":[144,230],"snap_km":0.0,"routable":true,"confidence":"OBSERVED"},"geometry":{"type":"Point","coordinates":[-64.75,17.75]}},{"type":"Feature","properties":{"port_id":"PORT_VNC8Q","name":"Chu Lai","name_ascii":"Chu Lai","country_name":"Viet Nam","country_iso2":"VN","country_iso3":"VNM","unlocode":"VNC8Q","status":"RL","function":"--3-----","outflows":233142.0,"outflows_confidence":"STATISTICAL","grid_cell":[148,577],"snap_km":39.29,"routable":true,"confidence":"OBSERVED"},"geometry":{"type":"Point","coordinates":[108.7,15.4]}},{"type":"Feature","properties":{"port_id":"PORT_VNDAD","name":"Da Nang","name_ascii":"Da Nang","country_name":"Viet Nam","country_iso2":"VN","country_iso3":"VNM","unlocode":"VNDAD","status":"AI","function":"1--4----","outflows":3019963.9167599995,"outflows_confidence":"STATISTICAL","grid_cell":[147,576],"snap_km":20.69,"routable":true,"confidence":"OBSERVED"},"geometry":{"type":"Point","coordinates":[108.2167,16.0667]}},{"type":"Feature","properties":{"port_id":"PORT_VNHPH","name":"Haiphong","name_ascii":"Haiphong","country_name":"Viet Nam","country_iso2":"VN","country_iso3":"VNM","unlocode":"VNHPH","status":"AI","function":"1-------","outflows":10072807.932540001,"outflows_confidence":"STATISTICAL","grid_cell":[138,573],"snap_km":14.52,"routable":true,"confidence":"OBSERVED"},"geometry":{"type":"Point","coordinates":[106.6834,20.8648]}},{"type":"Feature","properties":{"port_id":"PORT_VNNGH","name":"Nghi Son","name_ascii":"Nghi Son","country_name":"Viet Nam","country_iso2":"VN","country_iso3":"VNM","unlocode":"VNNGH","status":"RL","function":"1-3-----","outflows":43602.0,"outflows_confidence":"STATISTICAL","grid_cell":[141,571],"snap_km":12.74,"routable":true,"confidence":"OBSERVED"},"geometry":{"type":"Point","coordinates":[105.8333,19.3333]}},{"type":"Feature","properties":{"port_id":"PORT_VNSGN","name":"Ho Chi Minh City","name_ascii":"Ho Chi Minh City","country_name":"Viet Nam","country_iso2":"VN","country_iso3":"VNM","unlocode":"VNSGN","status":"AI","function":"1-3456--","outflows":12782452.750279998,"outflows_confidence":"STATISTICAL","grid_cell":[159,574],"snap_km":85.84,"routable":true,"confidence":"OBSERVED"},"geometry":{"type":"Point","coordinates":[106.6667,10.7667]}},{"type":"Feature","properties":{"port_id":"PORT_VNUIH","name":"Qui Nhon","name_ascii":"Qui Nhon","country_name":"Viet Nam","country_iso2":"VN","country_iso3":"VNM","unlocode":"VNUIH","status":"AI","function":"1-34----","outflows":418626.0,"outflows_confidence":"STATISTICAL","grid_cell":[152,578],"snap_km":4.05,"routable":true,"confidence":"OBSERVED"},"geometry":{"type":"Point","coordinates":[109.2167,13.7667]}},{"type":"Feature","properties":{"port_id":"PORT_VNVUT","name":"Vung Tau","name_ascii":"Vung Tau","country_name":"Viet Nam","country_iso2":"VN","country_iso3":"VNM","unlocode":"VNVUT","status":"RL","function":"1-34----","outflows":21025136.034170005,"outflows_confidence":"STATISTICAL","grid_cell":[159,574],"snap_km":22.93,"routable":true,"confidence":"OBSERVED"},"geometry":{"type":"Point","coordinates":[107.0667,10.35]}},{"type":"Feature","properties":{"port_id":"PORT_VUSAN","name":"Santo","name_ascii":"Santo","country_name":"Vanuatu","country_iso2":"VU","country_iso3":"VUT","unlocode":"VUSAN","status":"RQ","function":"1-------","outflows":206498.5,"outflows_confidence":"STATISTICAL","grid_cell":[211,694],"snap_km":27.25,"routable":true,"confidence":"OBSERVED"},"geometry":{"type":"Point","coordinates":[167.1624,-15.5199]}},{"type":"Feature","properties":{"port_id":"PORT_VUVLI","name":"Port Vila","name_ascii":"Port Vila","country_name":"Vanuatu","country_iso2":"VU","country_iso3":"VUT","unlocode":"VUVLI","status":"AI","function":"1--45---","outflows":453739.0,"outflows_confidence":"STATISTICAL","grid_cell":[215,696],"snap_km":6.91,"routable":true,"confidence":"OBSERVED"},"geometry":{"type":"Point","coordinates":[168.3137,-17.7365]}},{"type":"Feature","properties":{"port_id":"PORT_WFFUT","name":"Vele Futuna I. Apt","name_ascii":"Vele Futuna I. Apt","country_name":"Wallis and Futuna","country_iso2":"WF","country_iso3":"WLF","unlocode":"WFFUT","status":"AI","function":"---4----","outflows":10200.0,"outflows_confidence":"STATISTICAL","grid_cell":[208,3],"snap_km":19.43,"routable":true,"confidence":"OBSERVED"},"geometry":{"type":"Point","coordinates":[-178.0833,-14.3167]}},{"type":"Feature","properties":{"port_id":"PORT_WSAPW","name":"Apia","name_ascii":"Apia","country_name":"Samoa","country_iso2":"WS","country_iso3":"WSM","unlocode":"WSAPW","status":"AI","function":"1--45---","outflows":339021.5,"outflows_confidence":"STATISTICAL","grid_cell":[207,16],"snap_km":9.44,"routable":true,"confidence":"OBSERVED"},"geometry":{"type":"Point","coordinates":[-171.7667,-13.8333]}},{"type":"Feature","properties":{"port_id":"PORT_YEADE","name":"Aden","name_ascii":"Aden","country_name":"Yemen","country_iso2":"YE","country_iso3":"YEM","unlocode":"YEADE","status":"AI","function":"1--45---","outflows":126082.5,"outflows_confidence":"STATISTICAL","grid_cell":[154,450],"snap_km":23.37,"routable":true,"confidence":"OBSERVED"},"geometry":{"type":"Point","coordinates":[45.0367,12.7794]}},{"type":"Feature","properties":{"port_id":"PORT_YEMKX","name":"Mukalla","name_ascii":"Mukalla","country_name":"Yemen","country_iso2":"YE","country_iso3":"YEM","unlocode":"YEMKX","status":"AI","function":"1--4----","outflows":30745.0,"outflows_confidence":"STATISTICAL","grid_cell":[151,458],"snap_km":35.23,"routable":true,"confidence":"OBSERVED"},"geometry":{"type":"Point","coordinates":[49.1242,14.5425]}},{"type":"Feature","properties":{"port_id":"PORT_YTLON","name":"Longoni","name_ascii":"Longoni","country_name":"Mayotte","country_iso2":"YT","country_iso3":null,"unlocode":"YTLON","status":"AA","function":"1-3-----","outflows":298158.99997999996,"outflows_confidence":"STATISTICAL","grid_cell":[205,450],"snap_km":9.77,"routable":true,"confidence":"OBSERVED"},"geometry":{"type":"Point","coordinates":[45.1667,-12.7167]}},{"type":"Feature","properties":{"port_id":"PORT_ZACPT","name":"Cape Town","name_ascii":"Cape Town","country_name":"South Africa","country_iso2":"ZA","country_iso3":"ZAF","unlocode":"ZACPT","status":"AF","function":"12345---","outflows":4902763.6243,"outflows_confidence":"STATISTICAL","grid_cell":[247,396],"snap_km":24.09,"routable":true,"confidence":"OBSERVED"},"geometry":{"type":"Point","coordinates":[18.4167,-33.9167]}},{"type":"Feature","properties":{"port_id":"PORT_ZADUR","name":"Durban","name_ascii":"Durban","country_name":"South Africa","country_iso2":"ZA","country_iso3":"ZAF","unlocode":"ZADUR","status":"AI","function":"12345---","outflows":8754191.121859998,"outflows_confidence":"STATISTICAL","grid_cell":[239,422],"snap_km":25.11,"routable":true,"confidence":"OBSERVED"},"geometry":{"type":"Point","coordinates":[31.0167,-29.85]}},{"type":"Feature","properties":{"port_id":"PORT_ZAELS","name":"East London","name_ascii":"East London","country_name":"South Africa","country_iso2":"ZA","country_iso3":"ZAF","unlocode":"ZAELS","status":"AF","function":"1234----","outflows":15600.0,"outflows_confidence":"STATISTICAL","grid_cell":[246,415],"snap_km":30.13,"routable":true,"confidence":"OBSERVED"},"geometry":{"type":"Point","coordinates":[27.9116,-33.0153]}},{"type":"Feature","properties":{"port_id":"PORT_ZAPLZ","name":"Port Elizabeth","name_ascii":"Port Elizabeth","country_name":"South Africa","country_iso2":"ZA","country_iso3":"ZAF","unlocode":"ZAPLZ","status":"AF","function":"1--45---","outflows":2557154.46211,"outflows_confidence":"STATISTICAL","grid_cell":[248,411],"snap_km":34.45,"routable":true,"confidence":"OBSERVED"},"geometry":{"type":"Point","coordinates":[25.6149,-33.9611]}},{"type":"Feature","properties":{"port_id":"PORT_ZARCB","name":"Richards Bay","name_ascii":"Richards Bay","country_name":"South Africa","country_iso2":"ZA","country_iso3":"ZAF","unlocode":"ZARCB","status":"AF","function":"1--4----","outflows":164538.86664000002,"outflows_confidence":"STATISTICAL","grid_cell":[237,424],"snap_km":21.02,"routable":true,"confidence":"OBSERVED"},"geometry":{"type":"Point","coordinates":[32.0377,-28.783]}},{"type":"Feature","properties":{"port_id":"PORT_ZAZBA","name":"Coega","name_ascii":"Coega","country_name":"South Africa","country_iso2":"ZA","country_iso3":"ZAF","unlocode":"ZAZBA","status":"RL","function":"-----6--","outflows":3467734.66681,"outflows_confidence":"STATISTICAL","grid_cell":[248,411],"snap_km":54.29,"routable":true,"confidence":"OBSERVED"},"geometry":{"type":"Point","coordinates":[25.6667,-33.7667]}}],"coordinate_precision":4,"position_confidence":"OBSERVED","outflows_confidence":"STATISTICAL","outflows_note":"出典 World Bank のフィールド名のまま運んでいる。単位は出典に明記が無いため、無次元の相対量として扱うこと","snap":{"max_snap_km":160.0,"grid_resolution_deg":0.5,"unroutable_count":19,"unroutable_locodes":["ARROS","BRMAO","BRMCP","CAMTR","CATOR","COLET","JPFKY","JPHTD","JPIMB","JPMIZ","JPTAK","PEIQT","PYASU","RUDUD","TRYAR","USCAV","USMSY","USPDP","VEPLA"],"unroutable_reasons":{"ARROS":"上限内に航行可能セルが無い(内陸水路)","BRMAO":"上限内に航行可能セルが無い(内陸水路)","BRMCP":"上限内に航行可能セルが無い(内陸水路)","CAMTR":"上限内に航行可能セルが無い(内陸水路)","CATOR":"上限内に航行可能セルが無い(内陸水路)","COLET":"上限内に航行可能セルが無い(内陸水路)","JPFKY":"吸着先が孤立した水域で、世界の海と繋がっていない","JPHTD":"吸着先が孤立した水域で、世界の海と繋がっていない","JPIMB":"吸着先が孤立した水域で、世界の海と繋がっていない","JPMIZ":"吸着先が孤立した水域で、世界の海と繋がっていない","JPTAK":"吸着先が孤立した水域で、世界の海と繋がっていない","PEIQT":"上限内に航行可能セルが無い(内陸水路)","PYASU":"上限内に航行可能セルが無い(内陸水路)","RUDUD":"上限内に航行可能セルが無い(内陸水路)","TRYAR":"上限内に航行可能セルが無い(内陸水路)","USCAV":"上限内に航行可能セルが無い(内陸水路)","USMSY":"吸着先が孤立した水域で、世界の海と繋がっていない","USPDP":"上限内に航行可能セルが無い(内陸水路)","VEPLA":"上限内に航行可能セルが無い(内陸水路)"}},"country_code":{"method":"UN/LOCODE の先頭 2 文字(ISO 3166-1 alpha-2)→ Natural Earth ISO_A3_EH","unmapped_count":6,"unmapped_locodes":["BQKRA","CXFFC","GFDDC","GPPTP","MQFDF","YTLON"]},"collapsed_from_source":{"raw_feature_count":856,"collapsed_count":19,"collapsed_locodes":["ALDRZ","FIHEL","FIHKO","FIHMN","FIKEM","FIKOK","FIPOR","FIPRS","FIRAU","FITKU","FITOR","FIVKO","GRHER","INMRM","MMRGN","MMTLA","NCNOU","SRPBM","TTPOS"]}}